symbol,company_name,sector,index
MMM,3M,Industrial Conglomerates,SP500
AOS,A. O. Smith,Building Products,SP500
ABT,Abbott Laboratories,Health Care Equipment,SP500
ABBV,AbbVie,Biotechnology,SP500
ACN,Accenture,IT Consulting & Other Services,SP500
ADBE,Adobe Inc.,Application Software,SP500
AMD,Advanced Micro Devices,Semiconductors,SP500
AES,AES Corporation,Independent Power Producers & Energy Traders,SP500
AFL,Aflac,Life & Health Insurance,SP500
A,Agilent Technologies,Life Sciences Tools & Services,SP500
APD,Air Products,Industrial Gases,SP500
ABNB,Airbnb,"Hotels, Resorts & Cruise Lines",SP500
AKAM,Akamai Technologies,Internet Services & Infrastructure,SP500
ALB,Albemarle Corporation,Specialty Chemicals,SP500
ARE,Alexandria Real Estate Equities,Office REITs,SP500
ALGN,Align Technology,Health Care Supplies,SP500
ALLE,Allegion,Building Products,SP500
LNT,Alliant Energy,Electric Utilities,SP500
ALL,Allstate,Property & Casualty Insurance,SP500
GOOGL,Alphabet Inc. (Class A),Interactive Media & Services,SP500
GOOG,Alphabet Inc. (Class C),Interactive Media & Services,SP500
MO,Altria,Tobacco,SP500
AMZN,Amazon,Broadline Retail,SP500
AMCR,Amcor,Paper & Plastic Packaging Products & Materials,SP500
AEE,Ameren,Multi-Utilities,SP500
AEP,American Electric Power,Electric Utilities,SP500
AXP,American Express,Consumer Finance,SP500
AIG,American International Group,Multi-line Insurance,SP500
AMT,American Tower,Telecom Tower REITs,SP500
AWK,American Water Works,Water Utilities,SP500
AMP,Ameriprise Financial,Asset Management & Custody Banks,SP500
AME,Ametek,Electrical Components & Equipment,SP500
AMGN,Amgen,Biotechnology,SP500
APH,Amphenol,Electronic Components,SP500
ADI,Analog Devices,Semiconductors,SP500
AON,Aon plc,Insurance Brokers,SP500
APA,APA Corporation,Oil & Gas Exploration & Production,SP500
APO,Apollo Global Management,Asset Management & Custody Banks,SP500
AAPL,Apple Inc.,"Technology Hardware, Storage & Peripherals",SP500
AMAT,Applied Materials,Semiconductor Materials & Equipment,SP500
APP,AppLovin,Advertising,SP500
APTV,Aptiv,Automotive Parts & Equipment,SP500
ACGL,Arch Capital Group,Property & Casualty Insurance,SP500
ADM,Archer Daniels Midland,Agricultural Products & Services,SP500
ARES,Ares Management,Asset Management & Custody Banks,SP500
ANET,Arista Networks,Communications Equipment,SP500
AJG,Arthur J. Gallagher & Co.,Insurance Brokers,SP500
AIZ,Assurant,Multi-line Insurance,SP500
T,AT&T,Integrated Telecommunication Services,SP500
ATO,Atmos Energy,Gas Utilities,SP500
ADSK,Autodesk,Application Software,SP500
ADP,Automatic Data Processing,Human Resource & Employment Services,SP500
AZO,AutoZone,Automotive Retail,SP500
AVY,Avery Dennison,Paper & Plastic Packaging Products & Materials,SP500
AXON,Axon Enterprise,Aerospace & Defense,SP500
BKR,Baker Hughes,Oil & Gas Equipment & Services,SP500
BALL,Ball Corporation,"Metal, Glass & Plastic Containers",SP500
BAC,Bank of America,Diversified Banks,SP500
BAX,Baxter International,Health Care Equipment,SP500
BDX,Becton Dickinson,Health Care Equipment,SP500
BRK.B,Berkshire Hathaway,Multi-Sector Holdings,SP500
BBY,Best Buy,Computer & Electronics Retail,SP500
TECH,Bio-Techne,Life Sciences Tools & Services,SP500
BIIB,Biogen,Biotechnology,SP500
BLK,BlackRock,Asset Management & Custody Banks,SP500
BX,Blackstone Inc.,Asset Management & Custody Banks,SP500
XYZ,"Block, Inc.",Transaction & Payment Processing Services,SP500
BNY,BNY Mellon,Asset Management & Custody Banks,SP500
BA,Boeing,Aerospace & Defense,SP500
BKNG,Booking Holdings,"Hotels, Resorts & Cruise Lines",SP500
BSX,Boston Scientific,Health Care Equipment,SP500
BMY,Bristol Myers Squibb,Pharmaceuticals,SP500
AVGO,Broadcom,Semiconductors,SP500
BR,Broadridge Financial Solutions,Data Processing & Outsourced Services,SP500
BRO,Brown & Brown,Insurance Brokers,SP500
BF.B,Brown–Forman,Distillers & Vintners,SP500
BLDR,Builders FirstSource,Building Products,SP500
BG,Bunge Global,Agricultural Products & Services,SP500
BXP,"BXP, Inc.",Office REITs,SP500
CHRW,C.H. Robinson,Air Freight & Logistics,SP500
CDNS,Cadence Design Systems,Application Software,SP500
CPT,Camden Property Trust,Multi-Family Residential REITs,SP500
COF,Capital One,Consumer Finance,SP500
CAH,Cardinal Health,Health Care Distributors,SP500
CCL,Carnival Corporation,"Hotels, Resorts & Cruise Lines",SP500
CARR,Carrier Global,Building Products,SP500
CVNA,Carvana,Automotive Retail,SP500
CASY,Casey's,Food Retail,SP500
CAT,Caterpillar Inc.,Construction Machinery & Heavy Transportation Equipment,SP500
CBOE,Cboe Global Markets,Financial Exchanges & Data,SP500
CBRE,CBRE Group,Real Estate Services,SP500
CDW,CDW Corporation,Technology Distributors,SP500
COR,Cencora,Health Care Distributors,SP500
CNC,Centene Corporation,Managed Health Care,SP500
CNP,CenterPoint Energy,Multi-Utilities,SP500
CF,CF Industries,Fertilizers & Agricultural Chemicals,SP500
CRL,Charles River Laboratories,Life Sciences Tools & Services,SP500
SCHW,Charles Schwab Corporation,Investment Banking & Brokerage,SP500
CHTR,Charter Communications,Cable & Satellite,SP500
CVX,Chevron Corporation,Integrated Oil & Gas,SP500
CMG,Chipotle Mexican Grill,Restaurants,SP500
CB,Chubb Limited,Property & Casualty Insurance,SP500
CHD,Church & Dwight,Household Products,SP500
CIEN,Ciena,Communications Equipment,SP500
CI,Cigna,Health Care Services,SP500
CINF,Cincinnati Financial,Property & Casualty Insurance,SP500
CTAS,Cintas,Diversified Support Services,SP500
CSCO,Cisco,Communications Equipment,SP500
C,Citigroup,Diversified Banks,SP500
CFG,Citizens Financial Group,Regional Banks,SP500
CLX,Clorox,Household Products,SP500
CME,CME Group,Financial Exchanges & Data,SP500
CMS,CMS Energy,Multi-Utilities,SP500
KO,Coca-Cola Company (The),Soft Drinks & Non-alcoholic Beverages,SP500
CTSH,Cognizant,IT Consulting & Other Services,SP500
COHR,Coherent Corp.,Electronic Components,SP500
COIN,Coinbase,Financial Exchanges & Data,SP500
CL,Colgate-Palmolive,Household Products,SP500
CMCSA,Comcast,Cable & Satellite,SP500
FIX,Comfort Systems USA,Construction & Engineering,SP500
COP,ConocoPhillips,Oil & Gas Exploration & Production,SP500
ED,Consolidated Edison,Multi-Utilities,SP500
STZ,Constellation Brands,Distillers & Vintners,SP500
CEG,Constellation Energy,Electric Utilities,SP500
COO,Cooper Companies (The),Health Care Supplies,SP500
CPRT,Copart,Diversified Support Services,SP500
GLW,Corning Inc.,Electronic Components,SP500
CPAY,Corpay,Transaction & Payment Processing Services,SP500
CTVA,Corteva,Fertilizers & Agricultural Chemicals,SP500
CSGP,CoStar Group,Real Estate Services,SP500
COST,Costco,Consumer Staples Merchandise Retail,SP500
CRH,CRH plc,Construction Materials,SP500
CRWD,CrowdStrike,Systems Software,SP500
CCI,Crown Castle,Telecom Tower REITs,SP500
CSX,CSX Corporation,Rail Transportation,SP500
CMI,Cummins,Construction Machinery & Heavy Transportation Equipment,SP500
CVS,CVS Health,Health Care Services,SP500
DHR,Danaher Corporation,Life Sciences Tools & Services,SP500
DRI,Darden Restaurants,Restaurants,SP500
DDOG,Datadog,Application Software,SP500
DVA,DaVita,Health Care Services,SP500
DECK,Deckers Brands,Footwear,SP500
DE,Deere & Company,Agricultural & Farm Machinery,SP500
DELL,Dell Technologies,"Technology Hardware, Storage & Peripherals",SP500
DAL,Delta Air Lines,Passenger Airlines,SP500
DVN,Devon Energy,Oil & Gas Exploration & Production,SP500
DXCM,Dexcom,Health Care Equipment,SP500
FANG,Diamondback Energy,Oil & Gas Exploration & Production,SP500
DLR,Digital Realty,Data Center REITs,SP500
DG,Dollar General,Consumer Staples Merchandise Retail,SP500
DLTR,Dollar Tree,Consumer Staples Merchandise Retail,SP500
D,Dominion Energy,Multi-Utilities,SP500
DPZ,Domino's,Restaurants,SP500
DASH,DoorDash,Specialized Consumer Services,SP500
DOV,Dover Corporation,Industrial Machinery & Supplies & Components,SP500
DOW,Dow Inc.,Commodity Chemicals,SP500
DHI,D. R. Horton,Homebuilding,SP500
DTE,DTE Energy,Multi-Utilities,SP500
DUK,Duke Energy,Electric Utilities,SP500
DD,DuPont,Industrial Conglomerates,SP500
ETN,Eaton Corporation,Electrical Components & Equipment,SP500
EBAY,eBay Inc.,Broadline Retail,SP500
ECHO,EchoStar,Wireless Telecommunication Services,SP500
ECL,Ecolab,Specialty Chemicals,SP500
EIX,Edison International,Electric Utilities,SP500
EW,Edwards Lifesciences,Health Care Equipment,SP500
ELV,Elevance Health,Managed Health Care,SP500
EME,Emcor,Construction & Engineering,SP500
EMR,Emerson Electric,Electrical Components & Equipment,SP500
ETR,Entergy,Electric Utilities,SP500
EOG,EOG Resources,Oil & Gas Exploration & Production,SP500
EQT,EQT Corporation,Oil & Gas Exploration & Production,SP500
EFX,Equifax,Research & Consulting Services,SP500
EQIX,Equinix,Data Center REITs,SP500
ERIE,Erie Indemnity,Insurance Brokers,SP500
ESS,Essex Property Trust,Multi-Family Residential REITs,SP500
EL,Estée Lauder Companies (The),Personal Care Products,SP500
EG,Everest Group,Reinsurance,SP500
EVRG,Evergy,Electric Utilities,SP500
ES,Eversource Energy,Electric Utilities,SP500
EXC,Exelon,Electric Utilities,SP500
EXE,Expand Energy,Oil & Gas Exploration & Production,SP500
EXPE,Expedia Group,"Hotels, Resorts & Cruise Lines",SP500
EXPD,Expeditors International,Air Freight & Logistics,SP500
EXR,Extra Space Storage,Self-Storage REITs,SP500
XOM,ExxonMobil,Integrated Oil & Gas,SP500
FFIV,"F5, Inc.",Communications Equipment,SP500
FDS,FactSet,Financial Exchanges & Data,SP500
FICO,Fair Isaac,Application Software,SP500
FAST,Fastenal,Trading Companies & Distributors,SP500
FRT,Federal Realty Investment Trust,Retail REITs,SP500
FDX,FedEx,Air Freight & Logistics,SP500
FDXF,FedEx Freight,Cargo Ground Transportation,SP500
FERG,Ferguson Enterprises,Trading Companies & Distributors,SP500
FIS,Fidelity National Information Services,Transaction & Payment Processing Services,SP500
FITB,Fifth Third Bancorp,Regional Banks,SP500
FSLR,First Solar,Semiconductors,SP500
FE,FirstEnergy,Electric Utilities,SP500
FISV,Fiserv,Transaction & Payment Processing Services,SP500
FLEX,Flex Ltd.,Electronic Manufacturing Services,SP500
F,Ford Motor Company,Automobile Manufacturers,SP500
FTNT,Fortinet,Systems Software,SP500
FTV,Fortive,Industrial Machinery & Supplies & Components,SP500
FOXA,Fox Corporation (Class A),Broadcasting,SP500
FOX,Fox Corporation (Class B),Broadcasting,SP500
BEN,Franklin Resources,Asset Management & Custody Banks,SP500
FCX,Freeport-McMoRan,Copper,SP500
GRMN,Garmin,Consumer Electronics,SP500
IT,Gartner,IT Consulting & Other Services,SP500
GE,GE Aerospace,Aerospace & Defense,SP500
GEHC,GE HealthCare,Health Care Equipment,SP500
GEV,GE Vernova,Heavy Electrical Equipment,SP500
GEN,Gen Digital,Systems Software,SP500
GNRC,Generac,Heavy Electrical Equipment,SP500
GD,General Dynamics,Aerospace & Defense,SP500
GIS,General Mills,Packaged Foods & Meats,SP500
GM,General Motors,Automobile Manufacturers,SP500
GPC,Genuine Parts Company,Distributors,SP500
GILD,Gilead Sciences,Biotechnology,SP500
GPN,Global Payments,Transaction & Payment Processing Services,SP500
GL,Globe Life,Life & Health Insurance,SP500
GDDY,GoDaddy,Internet Services & Infrastructure,SP500
GS,Goldman Sachs,Investment Banking & Brokerage,SP500
HAL,Halliburton,Oil & Gas Equipment & Services,SP500
HIG,Hartford (The),Property & Casualty Insurance,SP500
HAS,Hasbro,Leisure Products,SP500
HCA,HCA Healthcare,Health Care Facilities,SP500
DOC,Healthpeak Properties,Health Care REITs,SP500
HSIC,Henry Schein,Health Care Distributors,SP500
HSY,Hershey Company (The),Packaged Foods & Meats,SP500
HPE,Hewlett Packard Enterprise,"Technology Hardware, Storage & Peripherals",SP500
HLT,Hilton Worldwide,"Hotels, Resorts & Cruise Lines",SP500
HD,Home Depot (The),Home Improvement Retail,SP500
HONA,Honeywell Aerospace,Aerospace & Defense,SP500
HON,Honeywell Technologies,Industrial Conglomerates,SP500
HRL,Hormel Foods,Packaged Foods & Meats,SP500
HST,Host Hotels & Resorts,Hotel & Resort REITs,SP500
HWM,Howmet Aerospace,Aerospace & Defense,SP500
HPQ,HP Inc.,"Technology Hardware, Storage & Peripherals",SP500
HUBB,Hubbell Incorporated,Industrial Machinery & Supplies & Components,SP500
HUM,Humana,Managed Health Care,SP500
HBAN,Huntington Bancshares,Regional Banks,SP500
HII,Huntington Ingalls Industries,Aerospace & Defense,SP500
IBM,IBM,IT Consulting & Other Services,SP500
IEX,IDEX Corporation,Industrial Machinery & Supplies & Components,SP500
IDXX,Idexx Laboratories,Health Care Equipment,SP500
ITW,Illinois Tool Works,Industrial Machinery & Supplies & Components,SP500
INCY,Incyte,Biotechnology,SP500
IR,Ingersoll Rand,Industrial Machinery & Supplies & Components,SP500
PODD,Insulet Corporation,Health Care Equipment,SP500
INTC,Intel,Semiconductors,SP500
IBKR,Interactive Brokers,Investment Banking & Brokerage,SP500
ICE,Intercontinental Exchange,Financial Exchanges & Data,SP500
IFF,International Flavors & Fragrances,Specialty Chemicals,SP500
IP,International Paper,Paper & Plastic Packaging Products & Materials,SP500
INTU,Intuit,Application Software,SP500
ISRG,Intuitive Surgical,Health Care Equipment,SP500
IVZ,Invesco,Asset Management & Custody Banks,SP500
INVH,Invitation Homes,Single-Family Residential REITs,SP500
IQV,IQVIA,Life Sciences Tools & Services,SP500
IRM,Iron Mountain,Other Specialized REITs,SP500
JBHT,J.B. Hunt,Cargo Ground Transportation,SP500
JBL,Jabil,Electronic Manufacturing Services,SP500
JKHY,Jack Henry & Associates,Transaction & Payment Processing Services,SP500
J,Jacobs Solutions,Construction & Engineering,SP500
JNJ,Johnson & Johnson,Pharmaceuticals,SP500
JCI,Johnson Controls,Building Products,SP500
JPM,JPMorgan Chase,Diversified Banks,SP500
KVUE,Kenvue,Personal Care Products,SP500
KDP,Keurig Dr Pepper,Soft Drinks & Non-alcoholic Beverages,SP500
KEY,KeyCorp,Regional Banks,SP500
KEYS,Keysight Technologies,Electronic Equipment & Instruments,SP500
KMB,Kimberly-Clark,Household Products,SP500
KIM,Kimco Realty,Retail REITs,SP500
KMI,Kinder Morgan,Oil & Gas Storage & Transportation,SP500
KKR,KKR & Co.,Asset Management & Custody Banks,SP500
KLAC,KLA Corporation,Semiconductor Materials & Equipment,SP500
KHC,Kraft Heinz,Packaged Foods & Meats,SP500
KR,Kroger,Food Retail,SP500
LHX,L3Harris,Aerospace & Defense,SP500
LH,Labcorp,Health Care Services,SP500
LRCX,Lam Research,Semiconductor Materials & Equipment,SP500
LVS,Las Vegas Sands,Casinos & Gaming,SP500
LDOS,Leidos,Diversified Support Services,SP500
LEN,Lennar,Homebuilding,SP500
LII,Lennox International,Building Products,SP500
LLY,Lilly (Eli),Pharmaceuticals,SP500
LIN,Linde plc,Industrial Gases,SP500
LYV,Live Nation Entertainment,Movies & Entertainment,SP500
LMT,Lockheed Martin,Aerospace & Defense,SP500
L,Loews Corporation,Multi-line Insurance,SP500
LOW,Lowe's,Home Improvement Retail,SP500
LULU,Lululemon Athletica,"Apparel, Accessories & Luxury Goods",SP500
LITE,Lumentum,Communications Equipment,SP500
LYB,LyondellBasell,Specialty Chemicals,SP500
MTB,M&T Bank,Regional Banks,SP500
MPC,Marathon Petroleum,Oil & Gas Refining & Marketing,SP500
MAR,Marriott International,"Hotels, Resorts & Cruise Lines",SP500
MRSH,Marsh McLennan,Insurance Brokers,SP500
MLM,Martin Marietta Materials,Construction Materials,SP500
MRVL,Marvell Technology,Semiconductors,SP500
MAS,Masco,Building Products,SP500
MA,Mastercard,Transaction & Payment Processing Services,SP500
MKC,McCormick & Company,Packaged Foods & Meats,SP500
MCD,McDonald's,Restaurants,SP500
MCK,McKesson Corporation,Health Care Distributors,SP500
MDT,Medtronic,Health Care Equipment,SP500
MRK,Merck & Co.,Pharmaceuticals,SP500
META,Meta Platforms,Interactive Media & Services,SP500
MET,MetLife,Life & Health Insurance,SP500
MTD,Mettler Toledo,Life Sciences Tools & Services,SP500
MGM,MGM Resorts,Casinos & Gaming,SP500
MCHP,Microchip Technology,Semiconductors,SP500
MU,Micron Technology,Semiconductors,SP500
MSFT,Microsoft,Systems Software,SP500
MAA,Mid-America Apartment Communities,Multi-Family Residential REITs,SP500
MRNA,Moderna,Biotechnology,SP500
TAP,Molson Coors Beverage Company,Brewers,SP500
MDLZ,Mondelez International,Packaged Foods & Meats,SP500
MPWR,Monolithic Power Systems,Semiconductors,SP500
MNST,Monster Beverage,Soft Drinks & Non-alcoholic Beverages,SP500
MCO,Moody's Corporation,Financial Exchanges & Data,SP500
MS,Morgan Stanley,Investment Banking & Brokerage,SP500
MOS,Mosaic Company (The),Fertilizers & Agricultural Chemicals,SP500
MSI,Motorola Solutions,Communications Equipment,SP500
MSCI,MSCI,Financial Exchanges & Data,SP500
NDAQ,"Nasdaq, Inc.",Financial Exchanges & Data,SP500
NTAP,NetApp,"Technology Hardware, Storage & Peripherals",SP500
NFLX,Netflix,Movies & Entertainment,SP500
NEM,Newmont,Gold,SP500
NWSA,News Corp (Class A),Publishing,SP500
NWS,News Corp (Class B),Publishing,SP500
NEE,NextEra Energy,Multi-Utilities,SP500
NKE,"Nike, Inc.","Apparel, Accessories & Luxury Goods",SP500
NI,NiSource,Multi-Utilities,SP500
NDSN,Nordson Corporation,Industrial Machinery & Supplies & Components,SP500
NSC,Norfolk Southern,Rail Transportation,SP500
NTRS,Northern Trust,Asset Management & Custody Banks,SP500
NOC,Northrop Grumman,Aerospace & Defense,SP500
NCLH,Norwegian Cruise Line Holdings,"Hotels, Resorts & Cruise Lines",SP500
NRG,NRG Energy,Independent Power Producers & Energy Traders,SP500
NUE,Nucor,Steel,SP500
NVDA,Nvidia,Semiconductors,SP500
NVR,"NVR, Inc.",Homebuilding,SP500
NXPI,NXP Semiconductors,Semiconductors,SP500
ORLY,O'Reilly Automotive,Automotive Retail,SP500
OXY,Occidental Petroleum,Oil & Gas Exploration & Production,SP500
ODFL,Old Dominion,Cargo Ground Transportation,SP500
OMC,Omnicom Group,Advertising,SP500
ON,ON Semiconductor,Semiconductors,SP500
OKE,Oneok,Oil & Gas Storage & Transportation,SP500
ORCL,Oracle Corporation,Application Software,SP500
OTIS,Otis Worldwide,Industrial Machinery & Supplies & Components,SP500
PCAR,Paccar,Construction Machinery & Heavy Transportation Equipment,SP500
PKG,Packaging Corporation of America,Paper & Plastic Packaging Products & Materials,SP500
PLTR,Palantir Technologies,Application Software,SP500
PANW,Palo Alto Networks,Systems Software,SP500
PSKY,Paramount Skydance Corporation,Movies & Entertainment,SP500
PH,Parker Hannifin,Industrial Machinery & Supplies & Components,SP500
PAYX,Paychex,Human Resource & Employment Services,SP500
PYPL,PayPal,Transaction & Payment Processing Services,SP500
PNR,Pentair,Industrial Machinery & Supplies & Components,SP500
PEP,PepsiCo,Soft Drinks & Non-alcoholic Beverages,SP500
PFE,Pfizer,Pharmaceuticals,SP500
PCG,PG&E Corporation,Multi-Utilities,SP500
PM,Philip Morris International,Tobacco,SP500
PSX,Phillips 66,Oil & Gas Refining & Marketing,SP500
PNW,Pinnacle West Capital,Multi-Utilities,SP500
PNC,PNC Financial Services,Diversified Banks,SP500
PPG,PPG Industries,Specialty Chemicals,SP500
PPL,PPL Corporation,Electric Utilities,SP500
PFG,Principal Financial Group,Life & Health Insurance,SP500
PG,Procter & Gamble,Personal Care Products,SP500
PGR,Progressive Corporation,Property & Casualty Insurance,SP500
PLD,Prologis,Industrial REITs,SP500
PRU,Prudential Financial,Life & Health Insurance,SP500
PEG,Public Service Enterprise Group,Electric Utilities,SP500
PTC,PTC Inc.,Application Software,SP500
PSA,Public Storage,Self-Storage REITs,SP500
PHM,PulteGroup,Homebuilding,SP500
PWR,Quanta Services,Construction & Engineering,SP500
QCOM,Qualcomm,Semiconductors,SP500
DGX,Quest Diagnostics,Health Care Services,SP500
Q,Qnity Electronics,Semiconductor Materials & Equipment,SP500
RL,Ralph Lauren Corporation,"Apparel, Accessories & Luxury Goods",SP500
RJF,Raymond James Financial,Investment Banking & Brokerage,SP500
RDDT,Reddit,Interactive Media & Services,SP500
RTX,RTX Corporation,Aerospace & Defense,SP500
O,Realty Income,Retail REITs,SP500
REG,Regency Centers,Retail REITs,SP500
REGN,Regeneron Pharmaceuticals,Biotechnology,SP500
RF,Regions Financial Corporation,Regional Banks,SP500
RSG,Republic Services,Environmental & Facilities Services,SP500
RMD,ResMed|,Health Care Equipment,SP500
RVTY,Revvity,Health Care Equipment,SP500
HOOD,Robinhood Markets,Investment Banking & Brokerage,SP500
ROK,Rockwell Automation,Electrical Components & Equipment,SP500
ROL,"Rollins, Inc.",Environmental & Facilities Services,SP500
ROP,Roper Technologies,Electronic Equipment & Instruments,SP500
ROST,Ross Stores,Apparel Retail,SP500
RCL,Royal Caribbean Group,"Hotels, Resorts & Cruise Lines",SP500
SPGI,S&P Global,Financial Exchanges & Data,SP500
CRM,Salesforce,Application Software,SP500
SNDK,Sandisk,"Technology Hardware, Storage & Peripherals",SP500
SBAC,SBA Communications,Telecom Tower REITs,SP500
SLB,Schlumberger,Oil & Gas Equipment & Services,SP500
STX,Seagate Technology,"Technology Hardware, Storage & Peripherals",SP500
SRE,Sempra,Multi-Utilities,SP500
NOW,ServiceNow,Systems Software,SP500
SHW,Sherwin-Williams,Specialty Chemicals,SP500
SPG,Simon Property Group,Retail REITs,SP500
SWKS,Skyworks Solutions,Semiconductors,SP500
SJM,J.M. Smucker Company (The),Packaged Foods & Meats,SP500
SW,Smurfit Westrock,Paper & Plastic Packaging Products & Materials,SP500
SNA,Snap-on,Industrial Machinery & Supplies & Components,SP500
SOLV,Solventum,Health Care Technology,SP500
SO,Southern Company,Electric Utilities,SP500
LUV,Southwest Airlines,Passenger Airlines,SP500
SWK,Stanley Black & Decker,Industrial Machinery & Supplies & Components,SP500
SBUX,Starbucks,Restaurants,SP500
STT,State Street Corporation,Asset Management & Custody Banks,SP500
STLD,Steel Dynamics,Steel,SP500
STE,Steris,Health Care Equipment,SP500
SYK,Stryker Corporation,Health Care Equipment,SP500
SMCI,Supermicro,"Technology Hardware, Storage & Peripherals",SP500
SYF,Synchrony Financial,Consumer Finance,SP500
SNPS,Synopsys,Application Software,SP500
SYY,Sysco,Food Distributors,SP500
TMUS,T-Mobile US,Wireless Telecommunication Services,SP500
TROW,T. Rowe Price,Asset Management & Custody Banks,SP500
TTWO,Take-Two Interactive,Interactive Home Entertainment,SP500
TPR,"Tapestry, Inc.","Apparel, Accessories & Luxury Goods",SP500
TRGP,Targa Resources,Oil & Gas Storage & Transportation,SP500
TGT,Target Corporation,Consumer Staples Merchandise Retail,SP500
TEL,TE Connectivity,Electronic Manufacturing Services,SP500
TDY,Teledyne Technologies,Electronic Equipment & Instruments,SP500
TER,Teradyne,Semiconductor Materials & Equipment,SP500
TSLA,"Tesla, Inc.",Automobile Manufacturers,SP500
TXN,Texas Instruments,Semiconductors,SP500
TPL,Texas Pacific Land Corporation,Oil & Gas Exploration & Production,SP500
TXT,Textron,Aerospace & Defense,SP500
TMO,Thermo Fisher Scientific,Life Sciences Tools & Services,SP500
TJX,TJX Companies,Apparel Retail,SP500
TKO,TKO Group Holdings,Movies & Entertainment,SP500
TTD,Trade Desk (The),Advertising,SP500
TSCO,Tractor Supply,Other Specialty Retail,SP500
TT,Trane Technologies,Building Products,SP500
TDG,TransDigm Group,Aerospace & Defense,SP500
TRV,Travelers Companies (The),Property & Casualty Insurance,SP500
TRMB,Trimble Inc.,Application Software,SP500
TFC,Truist Financial,Diversified Banks,SP500
TYL,Tyler Technologies,Application Software,SP500
TSN,Tyson Foods,Packaged Foods & Meats,SP500
USB,U.S. Bancorp,Diversified Banks,SP500
UBER,Uber,Passenger Ground Transportation,SP500
UDR,"UDR, Inc.",Multi-Family Residential REITs,SP500
ULTA,Ulta Beauty,Other Specialty Retail,SP500
UNP,Union Pacific Corporation,Rail Transportation,SP500
UAL,United Airlines Holdings,Passenger Airlines,SP500
UPS,United Parcel Service,Air Freight & Logistics,SP500
URI,United Rentals,Trading Companies & Distributors,SP500
UNH,UnitedHealth Group,Managed Health Care,SP500
UHS,Universal Health Services,Health Care Facilities,SP500
VLO,Valero Energy,Oil & Gas Refining & Marketing,SP500
VEEV,Veeva Systems,Health Care Technology,SP500
VTR,Ventas,Health Care REITs,SP500
VLTO,Veralto,Environmental & Facilities Services,SP500
VRSN,Verisign,Internet Services & Infrastructure,SP500
VRSK,Verisk Analytics,Research & Consulting Services,SP500
VZ,Verizon,Integrated Telecommunication Services,SP500
VRTX,Vertex Pharmaceuticals,Biotechnology,SP500
VRT,Vertiv,Electrical Components & Equipment,SP500
VTRS,Viatris,Pharmaceuticals,SP500
VICI,Vici Properties,Hotel & Resort REITs,SP500
V,Visa Inc.,Transaction & Payment Processing Services,SP500
VST,Vistra Corp.,Electric Utilities,SP500
VMRK,Vivmark Residential,Multi-Family Residential REITs,SP500
VMC,Vulcan Materials Company,Construction Materials,SP500
WRB,W. R. Berkley Corporation,Property & Casualty Insurance,SP500
GWW,W. W. Grainger,Industrial Machinery & Supplies & Components,SP500
WAB,Wabtec,Construction Machinery & Heavy Transportation Equipment,SP500
WMT,Walmart,Consumer Staples Merchandise Retail,SP500
DIS,Walt Disney Company (The),Movies & Entertainment,SP500
WBD,Warner Bros. Discovery,Broadcasting,SP500
WM,Waste Management,Environmental & Facilities Services,SP500
WAT,Waters Corporation,Life Sciences Tools & Services,SP500
WEC,WEC Energy Group,Electric Utilities,SP500
WFC,Wells Fargo,Diversified Banks,SP500
WELL,Welltower,Health Care REITs,SP500
WST,West Pharmaceutical Services,Health Care Supplies,SP500
WDC,Western Digital,"Technology Hardware, Storage & Peripherals",SP500
WY,Weyerhaeuser,Timber REITs,SP500
WSM,"Williams-Sonoma, Inc.",Homefurnishing Retail,SP500
WMB,Williams Companies,Oil & Gas Storage & Transportation,SP500
WTW,Willis Towers Watson,Insurance Brokers,SP500
WDAY,"Workday, Inc.",Application Software,SP500
WYNN,Wynn Resorts,Casinos & Gaming,SP500
XEL,Xcel Energy,Multi-Utilities,SP500
XYL,Xylem Inc.,Industrial Machinery & Supplies & Components,SP500
YUM,Yum! Brands,Restaurants,SP500
ZBRA,Zebra Technologies,Electronic Equipment & Instruments,SP500
ZBH,Zimmer Biomet,Health Care Equipment,SP500
ZTS,Zoetis,Pharmaceuticals,SP500
ALNY,Alnylam Pharmaceuticals,Health Care,NASDAQ100
ARM,Arm Holdings,Technology,NASDAQ100
ASML,ASML Holding,Technology,NASDAQ100
ALAB,Astera Labs,Technology,NASDAQ100
CCEP,Coca-Cola Europacific Partners,Consumer Staples,NASDAQ100
CRWV,CoreWeave,Technology,NASDAQ100
FER,Ferrovial,Industrials,NASDAQ100
MELI,Mercado Libre,Consumer Discretionary,NASDAQ100
MSTR,MicroStrategy,Technology,NASDAQ100
NBIS,Nebius Group,Technology,NASDAQ100
PDD,PDD Holdings,Technology,NASDAQ100
RKLB,Rocket Lab,Industrials,NASDAQ100
SHOP,Shopify,Technology,NASDAQ100
SPCX,SpaceX,Telecommunications,NASDAQ100
TRI,Thomson Reuters,Technology,NASDAQ100
BRK/A,Berkshire Hathaway Inc.,N/A,RUSSELL3000_APPROX
BRK/B,Berkshire Hathaway Inc.,N/A,RUSSELL3000_APPROX
CCZ,Comcast Holdings ZONES,Telecommunications,RUSSELL3000_APPROX
SCCO,Southern Copper Corporation Common Stock,Basic Materials,RUSSELL3000_APPROX
SNOW,Snowflake Inc. Common Stock,Technology,RUSSELL3000_APPROX
NET,Cloudflare Inc. Class A Common Stock,Technology,RUSSELL3000_APPROX
EPD,Enterprise Products Partners L.P. Common Stock,Utilities,RUSSELL3000_APPROX
BE,Bloom Energy Corporation Class A Common Stock,Energy,RUSSELL3000_APPROX
BAM,Brookfield Asset Management Inc Class A Limited Voting Shares,Real Estate,RUSSELL3000_APPROX
LNG,Cheniere Energy Inc. Common Stock,Utilities,RUSSELL3000_APPROX
NTRA,Natera Inc. Common Stock,Health Care,RUSSELL3000_APPROX
CBRS,Cerebras Systems Inc. Class A Common Stock,Technology,RUSSELL3000_APPROX
MDLN,Medline Inc. Class A Common Stock,Health Care,RUSSELL3000_APPROX
RVMD,Revolution Medicines Inc. Common Stock,Health Care,RUSSELL3000_APPROX
HEI,Heico Corporation Common Stock,Industrials,RUSSELL3000_APPROX
TWLO,Twilio Inc. Class A Common Stock,Technology,RUSSELL3000_APPROX
VIK,Viking Holdings Ltd Ordinary Shares,Consumer Discretionary,RUSSELL3000_APPROX
ILMN,Illumina Inc. Common Stock,Health Care,RUSSELL3000_APPROX
UI,Ubiquiti Inc. Common Stock,Technology,RUSSELL3000_APPROX
VG,Venture Global Inc. Class A common stock,Utilities,RUSSELL3000_APPROX
RKT,Rocket Companies Inc. Class A Common Stock,Finance,RUSSELL3000_APPROX
P,Everpure Inc. Class A common stock,Technology,RUSSELL3000_APPROX
RBLX,Roblox Corporation Class A Common Stock,Technology,RUSSELL3000_APPROX
RPRX,Royalty Pharma plc Class A Ordinary Shares,Health Care,RUSSELL3000_APPROX
OKTA,Okta Inc. Class A Common Stock,Technology,RUSSELL3000_APPROX
ZS,Zscaler Inc. Common Stock,Technology,RUSSELL3000_APPROX
MDB,MongoDB Inc. Class A Common Stock,Technology,RUSSELL3000_APPROX
CRDO,Credo Technology Group Holding Ltd Ordinary Shares,Technology,RUSSELL3000_APPROX
SUNB,Sunbelt Rentals Holdings Inc. Common Stock,Consumer Discretionary,RUSSELL3000_APPROX
FTI,TechnipFMC plc Ordinary Share,Consumer Discretionary,RUSSELL3000_APPROX
FTS,Fortis Inc. Common Shares,Utilities,RUSSELL3000_APPROX
INSM,Insmed Incorporated Common Stock,Health Care,RUSSELL3000_APPROX
SYM,Symbotic Inc. Class A Common Stock,Industrials,RUSSELL3000_APPROX
ZM,Zoom Communications Inc. Class A Common Stock,Technology,RUSSELL3000_APPROX
CPNG,Coupang Inc. Class A Common Stock,Consumer Discretionary,RUSSELL3000_APPROX
LPLA,LPL Financial Holdings Inc. Common Stock,Finance,RUSSELL3000_APPROX
GFS,GlobalFoundries Inc. Ordinary Shares,Technology,RUSSELL3000_APPROX
ATI,ATI Inc. Common Stock,Industrials,RUSSELL3000_APPROX
GH,Guardant Health Inc. Common Stock,Health Care,RUSSELL3000_APPROX
ASTS,AST SpaceMobile Inc. Class A Common Stock,Consumer Discretionary,RUSSELL3000_APPROX
FCNCA,First Citizens BancShares Inc. Class A Common Stock,Finance,RUSSELL3000_APPROX
TW,Tradeweb Markets Inc. Class A Common Stock,Finance,RUSSELL3000_APPROX
AFRM,Affirm Holdings Inc. Class A Common Stock,Finance,RUSSELL3000_APPROX
FWONK,Liberty Media Corporation Series C Liberty Formula One Common Stock,Industrials,RUSSELL3000_APPROX
IOT,Samsara Inc. Class A Common Stock,Technology,RUSSELL3000_APPROX
SN,SharkNinja Inc. Ordinary Shares,Consumer Discretionary,RUSSELL3000_APPROX
ROKU,Roku Inc. Class A Common Stock,Telecommunications,RUSSELL3000_APPROX
RBRK,Rubrik Inc. Class A Common Stock,Technology,RUSSELL3000_APPROX
RIVN,Rivian Automotive Inc. Class A Common Stock,Industrials,RUSSELL3000_APPROX
MKL,Markel Group Inc. Common Stock,Finance,RUSSELL3000_APPROX
SOFI,SoFi Technologies Inc. Common Stock,Finance,RUSSELL3000_APPROX
CRCL,Circle Internet Group Inc. Class A Common Stock,Finance,RUSSELL3000_APPROX
FWONA,Liberty Media Corporation Series A Liberty Formula One Common Stock,Industrials,RUSSELL3000_APPROX
RGLD,Royal Gold Inc. Common Stock,Industrials,RUSSELL3000_APPROX
SNX,TD SYNNEX Corporation Common Stock,Technology,RUSSELL3000_APPROX
THC,Tenet Healthcare Corporation Common Stock,Health Care,RUSSELL3000_APPROX
ARXS,Arxis Inc. Class A Common Stock,Industrials,RUSSELL3000_APPROX
DINO,HF Sinclair Corporation Common Stock,Energy,RUSSELL3000_APPROX
ENTG,Entegris Inc. Common Stock,Industrials,RUSSELL3000_APPROX
CDE,Coeur Mining Inc. Common Stock,Basic Materials,RUSSELL3000_APPROX
XPO,XPO Inc. Common Stock,Consumer Discretionary,RUSSELL3000_APPROX
RS,Reliance Inc. Common Stock,Industrials,RUSSELL3000_APPROX
CRS,Carpenter Technology Corporation Common Stock,Industrials,RUSSELL3000_APPROX
MTSI,MACOM Technology Solutions Holdings Inc. Common Stock,Technology,RUSSELL3000_APPROX
FTAI,FTAI Aviation Ltd. Common Stock,Industrials,RUSSELL3000_APPROX
USFD,US Foods Holding Corp. Common Stock,Consumer Discretionary,RUSSELL3000_APPROX
PR,Permian Resources Corporation Class A Common Stock,Energy,RUSSELL3000_APPROX
NTNX,Nutanix Inc. Class A Common Stock,Technology,RUSSELL3000_APPROX
WWD,Woodward Inc. Common Stock,Energy,RUSSELL3000_APPROX
SSNC,SS&C Technologies Holdings Inc. Common Stock,Technology,RUSSELL3000_APPROX
ITT,ITT Inc. Common Stock,Industrials,RUSSELL3000_APPROX
SITM,SiTime Corporation Common Stock,Technology,RUSSELL3000_APPROX
TOST,Toast Inc. Class A Common Stock,Technology,RUSSELL3000_APPROX
PS,Pershing Square Inc. Common Stock,Finance,RUSSELL3000_APPROX
TPG,TPG Inc. Class A Common Stock,Finance,RUSSELL3000_APPROX
EWBC,East West Bancorp Inc. Common Stock,Finance,RUSSELL3000_APPROX
MEDP,Medpace Holdings Inc. Common Stock,Health Care,RUSSELL3000_APPROX
MTZ,MasTec Inc. Common Stock,Industrials,RUSSELL3000_APPROX
CLH,Clean Harbors Inc. Common Stock,Industrials,RUSSELL3000_APPROX
SMTC,Semtech Corporation Common Stock,Technology,RUSSELL3000_APPROX
WCC,WESCO International Inc. Common Stock,Consumer Discretionary,RUSSELL3000_APPROX
ONON,On Holding AG Class A Ordinary Shares,Consumer Discretionary,RUSSELL3000_APPROX
DUKB,Duke Energy Corporation 5.625% Junior Subordinated Debentures due 2078,Utilities,RUSSELL3000_APPROX
MKSI,MKS Inc. Common Stock,Industrials,RUSSELL3000_APPROX
DT,Dynatrace Inc. Common Stock,Technology,RUSSELL3000_APPROX
NLY,Annaly Capital Management Inc. Common Stock,Real Estate,RUSSELL3000_APPROX
RGA,Reinsurance Group of America Incorporated Common Stock,Finance,RUSSELL3000_APPROX
APG,APi Group Corporation Common Stock,Consumer Discretionary,RUSSELL3000_APPROX
RBC,RBC Bearings Incorporated Common Stock,Industrials,RUSSELL3000_APPROX
DOCN,DigitalOcean Holdings Inc. Common Stock,Technology,RUSSELL3000_APPROX
CRBG,Corebridge Financial Inc. Common Stock,Finance,RUSSELL3000_APPROX
OWL,Blue Owl Capital Inc. Class A Common Stock,Finance,RUSSELL3000_APPROX
JLL,Jones Lang LaSalle Incorporated Common Stock,Finance,RUSSELL3000_APPROX
STRL,Sterling Infrastructure Inc. Common Stock,Industrials,RUSSELL3000_APPROX
NBIX,Neurocrine Biosciences Inc. Common Stock,Health Care,RUSSELL3000_APPROX
VNOM,Viper Energy Inc. Class A Common Stock,Energy,RUSSELL3000_APPROX
LSCC,Lattice Semiconductor Corporation Common Stock,Technology,RUSSELL3000_APPROX
IONQ,IonQ Inc. Common Stock,Technology,RUSSELL3000_APPROX
WPC,W. P. Carey Inc. REIT,Real Estate,RUSSELL3000_APPROX
UNM,Unum Group Common Stock,Finance,RUSSELL3000_APPROX
BURL,Burlington Stores Inc. Common Stock,Consumer Discretionary,RUSSELL3000_APPROX
ARMK,Aramark Common Stock,Consumer Discretionary,RUSSELL3000_APPROX
SGI,Somnigroup International Inc. Common Stock,Consumer Discretionary,RUSSELL3000_APPROX
LAMR,Lamar Advertising Company Class A Common Stock,Real Estate,RUSSELL3000_APPROX
EQH,Equitable Holdings Inc. Common Stock,Finance,RUSSELL3000_APPROX
LOGI,Logitech International S.A. Ordinary Shares,Technology,RUSSELL3000_APPROX
AS,Amer Sports Inc. Ordinary Shares,Consumer Discretionary,RUSSELL3000_APPROX
PNFP,Pinnacle Financial Partners Inc. Common stock,Finance,RUSSELL3000_APPROX
WMG,Warner Music Group Corp. Class A Common Stock,Consumer Discretionary,RUSSELL3000_APPROX
TEM,Tempus AI Inc. Class A Common Stock,Technology,RUSSELL3000_APPROX
H,Hyatt Hotels Corporation Class A Common Stock,Consumer Discretionary,RUSSELL3000_APPROX
EXEL,Exelixis Inc. Common Stock,Health Care,RUSSELL3000_APPROX
BMNR,BitMine Immersion Technologies Inc. Common Stock,Finance,RUSSELL3000_APPROX
OHI,Omega Healthcare Investors Inc. Common Stock,Real Estate,RUSSELL3000_APPROX
QNT,Quantinuum Inc. Class A Common Stock,Technology,RUSSELL3000_APPROX
CG,The Carlyle Group Inc. Common Stock,Finance,RUSSELL3000_APPROX
PFGC,Performance Food Group Company Common Stock,Consumer Discretionary,RUSSELL3000_APPROX
YUMC,Yum China Holdings Inc. Common Stock,Consumer Discretionary,RUSSELL3000_APPROX
SMMT,Summit Therapeutics Inc. Common Stock,Health Care,RUSSELL3000_APPROX
ARCC,Ares Capital Corporation Common Stock,Finance,RUSSELL3000_APPROX
PAG,Penske Automotive Group Inc. Common Stock,Consumer Discretionary,RUSSELL3000_APPROX
TLN,Talen Energy Corporation Common Stock,Utilities,RUSSELL3000_APPROX
W,Wayfair Inc. Class A Common Stock,Consumer Discretionary,RUSSELL3000_APPROX
CACI,CACI International Inc. Class A Common Stock,Technology,RUSSELL3000_APPROX
LECO,Lincoln Electric Holdings Inc. Common Shares,Industrials,RUSSELL3000_APPROX
TRU,TransUnion Common Stock,Finance,RUSSELL3000_APPROX
CET,Central Securities Corporation Common Stock,Finance,RUSSELL3000_APPROX
BWXT,BWX Technologies Inc. Common Stock,Industrials,RUSSELL3000_APPROX
MLI,Mueller Industries Inc. Common Stock,Industrials,RUSSELL3000_APPROX
COKE,Coca-Cola Consolidated Inc. Common Stock,Consumer Staples,RUSSELL3000_APPROX
DOCU,DocuSign Inc. Common Stock,Technology,RUSSELL3000_APPROX
BBIO,BridgeBio Pharma Inc. Common Stock,Health Care,RUSSELL3000_APPROX
CNA,CNA Financial Corporation Common Stock,Finance,RUSSELL3000_APPROX
FIVE,Five Below Inc. Common Stock,Consumer Discretionary,RUSSELL3000_APPROX
AUR,Aurora Innovation Inc. Class A Common Stock,Technology,RUSSELL3000_APPROX
ULS,UL Solutions Inc. Class A Common Stock,Health Care,RUSSELL3000_APPROX
BWA,BorgWarner Inc. Common Stock,Consumer Discretionary,RUSSELL3000_APPROX
JBS,JBS N.V. Class A Common Shares,Consumer Staples,RUSSELL3000_APPROX
DTM,DT Midstream Inc. Common Stock,Utilities,RUSSELL3000_APPROX
HL,Hecla Mining Company Common Stock,Industrials,RUSSELL3000_APPROX
CSL,Carlisle Companies Incorporated Common Stock,Industrials,RUSSELL3000_APPROX
RPM,RPM International Inc. Common Stock,Consumer Discretionary,RUSSELL3000_APPROX
NXT,Nextpower Inc. Common Stock,Technology,RUSSELL3000_APPROX
IESC,IES Holdings Inc. Common Stock,Industrials,RUSSELL3000_APPROX
BMRN,BioMarin Pharmaceutical Inc. Common Stock,Health Care,RUSSELL3000_APPROX
WSO,Watsco Inc. Common Stock,Consumer Discretionary,RUSSELL3000_APPROX
SEIC,SEI Investments Company Common Stock,Finance,RUSSELL3000_APPROX
BNT,Brookfield Wealth Solutions Ltd. Class A Exchangeable Limited Voting Shares,Finance,RUSSELL3000_APPROX
PEN,Penumbra Inc. Common Stock,Health Care,RUSSELL3000_APPROX
UHAL,U-Haul Holding Company Common Stock,Consumer Discretionary,RUSSELL3000_APPROX
HALO,Halozyme Therapeutics Inc. Common Stock,Health Care,RUSSELL3000_APPROX
CORT,Corcept Therapeutics Incorporated Common Stock,Health Care,RUSSELL3000_APPROX
FIG,Figma Inc. Class A Common Stock,Technology,RUSSELL3000_APPROX
GGG,Graco Inc. Common Stock,Industrials,RUSSELL3000_APPROX
AA,Alcoa Corporation Common Stock,Industrials,RUSSELL3000_APPROX
AHR,American Healthcare REIT Inc. Common Stock,Real Estate,RUSSELL3000_APPROX
TOL,Toll Brothers Inc. Common Stock,Consumer Discretionary,RUSSELL3000_APPROX
ALLY,Ally Financial Inc. Common Stock,Finance,RUSSELL3000_APPROX
MDGL,Madrigal Pharmaceuticals Inc. Common Stock,Health Care,RUSSELL3000_APPROX
MANH,Manhattan Associates Inc. Common Stock,Technology,RUSSELL3000_APPROX
ONTO,Onto Innovation Inc. Common Stock,Industrials,RUSSELL3000_APPROX
EHC,Encompass Health Corporation Common Stock,Health Care,RUSSELL3000_APPROX
TTMI,TTM Technologies Inc. Common Stock,Technology,RUSSELL3000_APPROX
QXO,QXO Inc. Common Stock,Consumer Discretionary,RUSSELL3000_APPROX
CCK,Crown Holdings Inc.,Industrials,RUSSELL3000_APPROX
AMKR,Amkor Technology Inc. Common Stock,Technology,RUSSELL3000_APPROX
MAIR,Madison Air Solutions Corporation Class A Common Stock,Industrials,RUSSELL3000_APPROX
GWRE,Guidewire Software Inc. Common Stock,Technology,RUSSELL3000_APPROX
ELS,Equity Lifestyle Properties Inc. Common Stock,Real Estate,RUSSELL3000_APPROX
AFG,American Financial Group Inc. Common Stock,Finance,RUSSELL3000_APPROX
WTRG,Essential Utilities Inc. Common Stock,Utilities,RUSSELL3000_APPROX
BJ,BJ's Wholesale Club Holdings Inc. Common Stock,Consumer Discretionary,RUSSELL3000_APPROX
AGNC,AGNC Investment Corp. Common Stock,Real Estate,RUSSELL3000_APPROX
WTS,Watts Water Technologies Inc. Class A Common Stock,Industrials,RUSSELL3000_APPROX
GLPI,Gaming and Leisure Properties Inc. Common Stock,Real Estate,RUSSELL3000_APPROX
AIT,Applied Industrial Technologies Inc. Common Stock,Consumer Discretionary,RUSSELL3000_APPROX
CHYM,Chime Financial Inc. Class A Common Stock,Finance,RUSSELL3000_APPROX
MICC,The Magnum Ice Cream Company N.V. Ordinary Shares,Consumer Staples,RUSSELL3000_APPROX
FROG,JFrog Ltd. Ordinary Shares,Technology,RUSSELL3000_APPROX
FPS,Forgent Power Solutions Inc. Class A Common Stock,Energy,RUSSELL3000_APPROX
FNF,Fidelity National Financial Inc. Common Stock,Finance,RUSSELL3000_APPROX
SAIL,SailPoint Inc. Common Stock,Technology,RUSSELL3000_APPROX
GME,GameStop Corporation Common Stock,Consumer Discretionary,RUSSELL3000_APPROX
HUBS,HubSpot Inc. Common Stock,Technology,RUSSELL3000_APPROX
CR,Crane Company Common Stock,Industrials,RUSSELL3000_APPROX
SF,Stifel Financial Corporation Common Stock,Finance,RUSSELL3000_APPROX
FHN,First Horizon Corporation Common Stock,Finance,RUSSELL3000_APPROX
ELAN,Elanco Animal Health Incorporated Common Stock,Health Care,RUSSELL3000_APPROX
BEPC,Brookfield Renewable Corporation Brookfield Renewable Corporation Class A Subordinate Voting Shares,Utilities,RUSSELL3000_APPROX
AMH,American Homes 4 Rent Common Shares of Beneficial Interest,Real Estate,RUSSELL3000_APPROX
NYT,New York Times Company (The) Common Stock,Consumer Discretionary,RUSSELL3000_APPROX
AXSM,Axsome Therapeutics Inc. Common Stock,Health Care,RUSSELL3000_APPROX
HUT,Hut 8 Corp. Common Stock,Finance,RUSSELL3000_APPROX
DKNG,DraftKings Inc. Class A Common Stock,Consumer Discretionary,RUSSELL3000_APPROX
DKS,Dick's Sporting Goods Inc Common Stock,Consumer Discretionary,RUSSELL3000_APPROX
TXRH,Texas Roadhouse Inc. Common Stock,Consumer Discretionary,RUSSELL3000_APPROX
ARW,Arrow Electronics Inc. Common Stock,Technology,RUSSELL3000_APPROX
AR,Antero Resources Corporation Common Stock,Energy,RUSSELL3000_APPROX
KNX,Knight-Swift Transportation Holdings Inc.,Industrials,RUSSELL3000_APPROX
EGP,EastGroup Properties Inc. Common Stock,Real Estate,RUSSELL3000_APPROX
SCI,Service Corporation International Common Stock,Consumer Discretionary,RUSSELL3000_APPROX
AVTR,Avantor Inc. Common Stock,Industrials,RUSSELL3000_APPROX
MOH,Molina Healthcare Inc Common Stock,Health Care,RUSSELL3000_APPROX
GSAT,Globalstar Inc. Common Stock,Consumer Discretionary,RUSSELL3000_APPROX
QRVO,Qorvo Inc. Common Stock,Technology,RUSSELL3000_APPROX
CART,Maplebear Inc. Common Stock,Consumer Discretionary,RUSSELL3000_APPROX
SANM,Sanmina Corporation Common Stock,Technology,RUSSELL3000_APPROX
DAR,Darling Ingredients Inc. Common Stock,Consumer Staples,RUSSELL3000_APPROX
PINS,Pinterest Inc. Class A Common Stock,Technology,RUSSELL3000_APPROX
TWST,Twist Bioscience Corporation Common Stock,Health Care,RUSSELL3000_APPROX
BPOP,Popular Inc. Common Stock,Finance,RUSSELL3000_APPROX
RYAN,Ryan Specialty Holdings Inc. Class A Common Stock,Finance,RUSSELL3000_APPROX
CGNX,Cognex Corporation Common Stock,Industrials,RUSSELL3000_APPROX
UMBF,UMB Financial Corporation Common Stock,Finance,RUSSELL3000_APPROX
BIO,Bio-Rad Laboratories Inc. Class A Common Stock,Industrials,RUSSELL3000_APPROX
LFUS,Littelfuse Inc. Common Stock,Energy,RUSSELL3000_APPROX
ENSG,The Ensign Group Inc. Common Stock,Health Care,RUSSELL3000_APPROX
AEIS,Advanced Energy Industries Inc. Common Stock,Technology,RUSSELL3000_APPROX
PAYC,Paycom Software Inc. Common Stock,Technology,RUSSELL3000_APPROX
EVR,Evercore Inc. Class A Common Stock,Finance,RUSSELL3000_APPROX
AM,Antero Midstream Corporation Common Stock,Utilities,RUSSELL3000_APPROX
VSAT,ViaSat Inc. Common Stock,Consumer Discretionary,RUSSELL3000_APPROX
SSB,SouthState Bank Corporation Common Stock,Finance,RUSSELL3000_APPROX
MTCH,Match Group Inc. Common Stock,Technology,RUSSELL3000_APPROX
TXG,10x Genomics Inc. Class A Common Stock,Industrials,RUSSELL3000_APPROX
KRYS,Krystal Biotech Inc. Common Stock,Health Care,RUSSELL3000_APPROX
WTFC,Wintrust Financial Corporation Common Stock,Finance,RUSSELL3000_APPROX
VICR,Vicor Corporation Common Stock,Technology,RUSSELL3000_APPROX
DCI,Donaldson Company Inc. Common Stock,Industrials,RUSSELL3000_APPROX
GMED,Globus Medical Inc. Class A Common Stock,Health Care,RUSSELL3000_APPROX
CFR,Cullen/Frost Bankers Inc. Common Stock,Finance,RUSSELL3000_APPROX
DDS,Dillard's Inc. Common Stock,Consumer Discretionary,RUSSELL3000_APPROX
ALSN,Allison Transmission Holdings Inc. Common Stock,Consumer Discretionary,RUSSELL3000_APPROX
OSCR,Oscar Health Inc. Class A Common Stock,Health Care,RUSSELL3000_APPROX
KYMR,Kymera Therapeutics Inc. Common Stock,Health Care,RUSSELL3000_APPROX
RRX,Regal Rexnord Corporation Common Stock,Industrials,RUSSELL3000_APPROX
OC,Owens Corning Inc Common Stock New,Industrials,RUSSELL3000_APPROX
KLAR,Klarna Group plc Ordinary Shares,Finance,RUSSELL3000_APPROX
MOD,Modine Manufacturing Company Common Stock,Consumer Discretionary,RUSSELL3000_APPROX
ORI,Old Republic International Corporation Common Stock,Finance,RUSSELL3000_APPROX
CYTK,Cytokinetics Incorporated Common Stock,Health Care,RUSSELL3000_APPROX
ONB,Old National Bancorp Common Stock,Finance,RUSSELL3000_APPROX
MUSA,Murphy USA Inc. Common Stock,Consumer Discretionary,RUSSELL3000_APPROX
BRKR,Bruker Corporation Common Stock,Industrials,RUSSELL3000_APPROX
ZION,Zions Bancorporation N.A. Common Stock,Finance,RUSSELL3000_APPROX
ARWR,Arrowhead Pharmaceuticals Inc. Common Stock,Health Care,RUSSELL3000_APPROX
OGE,OGE Energy Corp Common Stock,Utilities,RUSSELL3000_APPROX
SNAP,Snap Inc. Class A Common Stock,Technology,RUSSELL3000_APPROX
GKOS,Glaukos Corporation Common Stock,Health Care,RUSSELL3000_APPROX
MSGS,Madison Square Garden Sports Corp. Class A Common Stock (New),Consumer Discretionary,RUSSELL3000_APPROX
FCFS,FirstCash Holdings Inc. Common Stock,Consumer Discretionary,RUSSELL3000_APPROX
BAH,Booz Allen Hamilton Holding Corporation Common Stock,Consumer Discretionary,RUSSELL3000_APPROX
BSY,Bentley Systems Incorporated Class B Common Stock,Technology,RUSSELL3000_APPROX
WMS,Advanced Drainage Systems Inc. Common Stock,Consumer Discretionary,RUSSELL3000_APPROX
JAN,Janus Living Inc. Class A-1 Common Stock,Real Estate,RUSSELL3000_APPROX
FLS,Flowserve Corporation Common Stock,Industrials,RUSSELL3000_APPROX
SIRI,SiriusXM Holdings Inc. Common Stock,Consumer Discretionary,RUSSELL3000_APPROX
ESTC,Elastic N.V. Ordinary Shares,Technology,RUSSELL3000_APPROX
SOLS,Solstice Advanced Materials Inc. Common Stock,Industrials,RUSSELL3000_APPROX
EMP,Entergy Mississippi LLC First Mortgage Bonds 4.90% Series Due October 1 2066,Utilities,RUSSELL3000_APPROX
RMBS,Rambus Inc. Common Stock,Technology,RUSSELL3000_APPROX
PTGX,Protagonist Therapeutics Inc. Common Stock,Health Care,RUSSELL3000_APPROX
JEF,Jefferies Financial Group Inc. Common Stock,Finance,RUSSELL3000_APPROX
HLI,Houlihan Lokey Inc. Class A Common Stock,Finance,RUSSELL3000_APPROX
TTEK,Tetra Tech Inc. Common Stock,Consumer Discretionary,RUSSELL3000_APPROX
R,Ryder System Inc. Common Stock,Consumer Discretionary,RUSSELL3000_APPROX
PBF,PBF Energy Inc. Class A Common Stock,Energy,RUSSELL3000_APPROX
RRC,Range Resources Corporation Common Stock,Energy,RUSSELL3000_APPROX
LTH,Life Time Group Holdings Inc. Common Stock,Consumer Discretionary,RUSSELL3000_APPROX
EAI,Entergy Arkansas LLC First Mortgage Bonds 4.875% Series Due September 1 2066,Utilities,RUSSELL3000_APPROX
VMI,Valmont Industries Inc. Common Stock,Industrials,RUSSELL3000_APPROX
SAIA,Saia Inc. Common Stock,Industrials,RUSSELL3000_APPROX
AMG,Affiliated Managers Group Inc. Common Stock,Finance,RUSSELL3000_APPROX
CUBE,CubeSmart Common Shares,Real Estate,RUSSELL3000_APPROX
VOYA,Voya Financial Inc. Common Stock,Finance,RUSSELL3000_APPROX
CTRE,CareTrust REIT Inc. Common Stock,Real Estate,RUSSELL3000_APPROX
WLK,Westlake Corporation Common Stock,Industrials,RUSSELL3000_APPROX
SPXC,SPX Technologies Inc. Common Stock,Industrials,RUSSELL3000_APPROX
LLYVK,Liberty Live Holdings Inc. Series C Liberty Live Group Common Stock,Consumer Discretionary,RUSSELL3000_APPROX
PCVX,Vaxcyte Inc. Common Stock,Health Care,RUSSELL3000_APPROX
AYI,Acuity Inc. Common Stock,Consumer Discretionary,RUSSELL3000_APPROX
KTOS,Kratos Defense & Security Solutions Inc. Common Stock,Industrials,RUSSELL3000_APPROX
OSK,Oshkosh Corporation (Holding Company)Common Stock,Industrials,RUSSELL3000_APPROX
PRI,Primerica Inc. Common Stock,Finance,RUSSELL3000_APPROX
ENJ,Entergy New Orleans LLC First Mortgage Bonds 5.0% Series due December 1 2052,Utilities,RUSSELL3000_APPROX
VIRT,Virtu Financial Inc. Class A Common Stock,Finance,RUSSELL3000_APPROX
MP,MP Materials Corp. Common Stock,Basic Materials,RUSSELL3000_APPROX
SM,SM Energy Company Common Stock,Energy,RUSSELL3000_APPROX
JXN,Jackson Financial Inc. Class A Common Stock,Finance,RUSSELL3000_APPROX
CAI,Caris Life Sciences Inc. Common Stock,Health Care,RUSSELL3000_APPROX
TTC,Toro Company (The) Common Stock,Consumer Discretionary,RUSSELL3000_APPROX
RGEN,Repligen Corporation Common Stock,Health Care,RUSSELL3000_APPROX
KNTK,Kinetik Holdings Inc. Class A Common Stock,Utilities,RUSSELL3000_APPROX
FORM,FormFactor Inc. FormFactor Inc. Common Stock,Technology,RUSSELL3000_APPROX
GLXY,Galaxy Digital Inc. Class A Common Stock,Finance,RUSSELL3000_APPROX
MHK,Mohawk Industries Inc. Common Stock,Consumer Discretionary,RUSSELL3000_APPROX
LLYVA,Liberty Live Holdings Inc. Series A Liberty Live Group Common Stock,Consumer Discretionary,RUSSELL3000_APPROX
PRAX,Praxis Precision Medicines Inc. Common Stock,Health Care,RUSSELL3000_APPROX
WAL,Western Alliance Bancorporation Common Stock (DE),Finance,RUSSELL3000_APPROX
TGTX,TG Therapeutics Inc. Common Stock,Health Care,RUSSELL3000_APPROX
LINE,Lineage Inc. Common Stock,Real Estate,RUSSELL3000_APPROX
DY,Dycom Industries Inc. Common Stock,Industrials,RUSSELL3000_APPROX
BRX,Brixmor Property Group Inc. Common Stock,Real Estate,RUSSELL3000_APPROX
VIAV,Viavi Solutions Inc. Common Stock,Technology,RUSSELL3000_APPROX
REXR,Rexford Industrial Realty Inc. Common Stock,Real Estate,RUSSELL3000_APPROX
AAL,American Airlines Group Inc. Common Stock,Consumer Discretionary,RUSSELL3000_APPROX
AGCO,AGCO Corporation Common Stock,Industrials,RUSSELL3000_APPROX
DBX,Dropbox Inc. Class A Common Stock,Technology,RUSSELL3000_APPROX
ADC,Agree Realty Corporation Common Stock,Real Estate,RUSSELL3000_APPROX
COLB,Columbia Banking System Inc. Common Stock,Finance,RUSSELL3000_APPROX
PB,Prosperity Bancshares Inc. Common Stock,Finance,RUSSELL3000_APPROX
CHWY,Chewy Inc. Class A Common Stock,Consumer Discretionary,RUSSELL3000_APPROX
GTLB,GitLab Inc. Class A Common Stock,Technology,RUSSELL3000_APPROX
EAT,Brinker International Inc. Common Stock,Consumer Discretionary,RUSSELL3000_APPROX
AAOI,Applied Optoelectronics Inc. Common Stock,Technology,RUSSELL3000_APPROX
RHP,Ryman Hospitality Properties Inc. (REIT),Real Estate,RUSSELL3000_APPROX
IDCC,InterDigital Inc. Common Stock,Miscellaneous,RUSSELL3000_APPROX
AVAV,AeroVironment Inc. Common Stock,Industrials,RUSSELL3000_APPROX
KMX,CarMax Inc,Consumer Discretionary,RUSSELL3000_APPROX
FR,First Industrial Realty Trust Inc. Common Stock,Real Estate,RUSSELL3000_APPROX
CBSH,Commerce Bancshares Inc. Common Stock,Finance,RUSSELL3000_APPROX
WULF,TeraWulf Inc. Common Stock,Finance,RUSSELL3000_APPROX
RIOT,Riot Platforms Inc. Common Stock,Finance,RUSSELL3000_APPROX
KNSL,Kinsale Capital Group Inc. Common Stock,Finance,RUSSELL3000_APPROX
UGI,UGI Corporation Common Stock,Utilities,RUSSELL3000_APPROX
NEU,NewMarket Corp Common Stock,Industrials,RUSSELL3000_APPROX
CNM,Core & Main Inc. Class A Common Stock,Consumer Discretionary,RUSSELL3000_APPROX
SYRE,Spyre Therapeutics Inc. Common Stock,Health Care,RUSSELL3000_APPROX
ACM,AECOM Common Stock,Consumer Discretionary,RUSSELL3000_APPROX
LNC,Lincoln National Corporation Common Stock,Finance,RUSSELL3000_APPROX
BOKF,BOK Financial Corporation Common Stock,Finance,RUSSELL3000_APPROX
ESI,Element Solutions Inc. Common Stock,Industrials,RUSSELL3000_APPROX
TKR,Timken Company (The) Common Stock,Industrials,RUSSELL3000_APPROX
S,SentinelOne Inc. Class A Common Stock,Technology,RUSSELL3000_APPROX
CHRD,Chord Energy Corporation Common Stock,Energy,RUSSELL3000_APPROX
NNN,NNN REIT Inc. Common Stock,Real Estate,RUSSELL3000_APPROX
THG,Hanover Insurance Group Inc,Finance,RUSSELL3000_APPROX
ATR,AptarGroup Inc. Common Stock,Industrials,RUSSELL3000_APPROX
SNEX,StoneX Group Inc. Common Stock,Finance,RUSSELL3000_APPROX
COMP,Compass Inc. Class A Common Stock,Finance,RUSSELL3000_APPROX
PCOR,Procore Technologies Inc. Common Stock,Technology,RUSSELL3000_APPROX
HQY,HealthEquity Inc. Common Stock,Consumer Discretionary,RUSSELL3000_APPROX
SFD,Smithfield Foods Inc. Common Stock,Consumer Staples,RUSSELL3000_APPROX
APPF,AppFolio Inc. Class A Common Stock,Technology,RUSSELL3000_APPROX
IMVT,Immunovant Inc. Common Stock,Health Care,RUSSELL3000_APPROX
IONS,Ionis Pharmaceuticals Inc. Common Stock,Health Care,RUSSELL3000_APPROX
PCTY,Paylocity Holding Corporation Common Stock,Technology,RUSSELL3000_APPROX
IDA,IDACORP Inc. Common Stock,Utilities,RUSSELL3000_APPROX
APLD,Applied Digital Corporation Common Stock,Technology,RUSSELL3000_APPROX
PRMB,Primo Brands Corporation Class A Common Stock,Consumer Staples,RUSSELL3000_APPROX
HNGE,Hinge Health Inc. Class A Common Stock,Technology,RUSSELL3000_APPROX
AVT,Avnet Inc. Common Stock,Technology,RUSSELL3000_APPROX
LEVI,Levi Strauss & Co Class A Common Stock,Consumer Discretionary,RUSSELL3000_APPROX
ZETA,Zeta Global Holdings Corp. Class A Common Stock,Technology,RUSSELL3000_APPROX
MORN,Morningstar Inc. Common Stock,Finance,RUSSELL3000_APPROX
NFG,National Fuel Gas Company Common Stock,Utilities,RUSSELL3000_APPROX
CBC,Central Bancompany Inc. Class A Common Stock,Finance,RUSSELL3000_APPROX
ZWS,Zurn Elkay Water Solutions Corporation Common Stock,Industrials,RUSSELL3000_APPROX
EMN,Eastman Chemical Company Common Stock,Industrials,RUSSELL3000_APPROX
VLY,Valley National Bancorp Common Stock,Finance,RUSSELL3000_APPROX
SARO,StandardAero Inc. Common Stock,Industrials,RUSSELL3000_APPROX
RAL,Ralliant Corporation Common Stock,Industrials,RUSSELL3000_APPROX
AUGO,Aura Minerals Inc. Common Shares,Basic Materials,RUSSELL3000_APPROX
CMC,Commercial Metals Company Common Stock,Industrials,RUSSELL3000_APPROX
OKLO,Oklo Inc. Class A common stock,Utilities,RUSSELL3000_APPROX
FLR,Fluor Corporation Common Stock,Industrials,RUSSELL3000_APPROX
FAF,First American Corporation (New) Common Stock,Finance,RUSSELL3000_APPROX
GAP,Gap Inc. (The) Common Stock,Consumer Discretionary,RUSSELL3000_APPROX
SLAB,Silicon Laboratories Inc. Common Stock,Technology,RUSSELL3000_APPROX
NOV,NOV Inc. Common Stock,Consumer Discretionary,RUSSELL3000_APPROX
KEX,Kirby Corporation Common Stock,Consumer Discretionary,RUSSELL3000_APPROX
CAG,ConAgra Brands Inc. Common Stock,Consumer Staples,RUSSELL3000_APPROX
CLF,Cleveland-Cliffs Inc. Common Stock,Basic Materials,RUSSELL3000_APPROX
STAG,Stag Industrial Inc. Common Stock,Real Estate,RUSSELL3000_APPROX
GJS,Goldman Sachs Group Securities STRATS Trust for Goldman Sachs Group Securities Series 2006-2,Finance,RUSSELL3000_APPROX
TRNO,Terreno Realty Corporation Common Stock,Finance,RUSSELL3000_APPROX
PATH,UiPath Inc. Class A Common Stock,Technology,RUSSELL3000_APPROX
CELH,Celsius Holdings Inc. Common Stock,Consumer Staples,RUSSELL3000_APPROX
ACA,Arcosa Inc. Common Stock,Industrials,RUSSELL3000_APPROX
MTDR,Matador Resources Company Common Stock,Energy,RUSSELL3000_APPROX
LAD,Lithia Motors Inc. Common Stock,Consumer Discretionary,RUSSELL3000_APPROX
SSD,Simpson Manufacturing Company Inc. Common Stock,Consumer Discretionary,RUSSELL3000_APPROX
NE,Noble Corporation plc A Ordinary Shares,Energy,RUSSELL3000_APPROX
PPC,Pilgrim's Pride Corporation Common Stock,Consumer Staples,RUSSELL3000_APPROX
NTSK,Netskope Inc. Class A Common Stock,Technology,RUSSELL3000_APPROX
CIFR,Cipher Digital Inc. Common Stock,Finance,RUSSELL3000_APPROX
MATX,Matson Inc. Common Stock,Consumer Discretionary,RUSSELL3000_APPROX
BROS,Dutch Bros Inc. Class A Common Stock,Consumer Discretionary,RUSSELL3000_APPROX
OMF,OneMain Holdings Inc. Common Stock,Finance,RUSSELL3000_APPROX
AXTA,Axalta Coating Systems Ltd. Common Shares,Consumer Discretionary,RUSSELL3000_APPROX
FSS,Federal Signal Corporation Common Stock,Industrials,RUSSELL3000_APPROX
ZG,Zillow Group Inc. Class A Common Stock,Consumer Discretionary,RUSSELL3000_APPROX
MSA,MSA Safety Incorporated Common Stock,Health Care,RUSSELL3000_APPROX
MGY,Magnolia Oil & Gas Corporation Class A Common Stock,Energy,RUSSELL3000_APPROX
DUOL,Duolingo Inc. Class A Common Stock,Technology,RUSSELL3000_APPROX
RYTM,Rhythm Pharmaceuticals Inc. Common Stock,Health Care,RUSSELL3000_APPROX
MXL,MaxLinear Inc. Common Stock,Technology,RUSSELL3000_APPROX
MSM,MSC Industrial Direct Company Inc. Common Stock,Industrials,RUSSELL3000_APPROX
Z,Zillow Group Inc. Class C Capital Stock,Consumer Discretionary,RUSSELL3000_APPROX
AWI,Armstrong World Industries Inc Common Stock,Industrials,RUSSELL3000_APPROX
ESE,ESCO Technologies Inc. Common Stock,Telecommunications,RUSSELL3000_APPROX
QBTS,D-Wave Quantum Inc. Common Stock,Technology,RUSSELL3000_APPROX
CGON,CG Oncology Inc. Common stock,Health Care,RUSSELL3000_APPROX
LUMN,Lumen Technologies Inc. Common Stock,Telecommunications,RUSSELL3000_APPROX
ACT,Enact Holdings Inc. Common Stock,Finance,RUSSELL3000_APPROX
PACS,PACS Group Inc. Common Stock,Health Care,RUSSELL3000_APPROX
HXL,Hexcel Corporation Common Stock,Industrials,RUSSELL3000_APPROX
RUSHB,Rush Enterprises Inc. Class B,Consumer Discretionary,RUSSELL3000_APPROX
WEX,WEX Inc. common stock,Consumer Discretionary,RUSSELL3000_APPROX
ETSY,Etsy Inc. Common Stock,Consumer Discretionary,RUSSELL3000_APPROX
XE,X-Energy Inc. Class A Common Stock,Industrials,RUSSELL3000_APPROX
LB,LandBridge Company LLC Class A Shares Representing Limited Liability Company Interests,Energy,RUSSELL3000_APPROX
TEX,Terex Corporation Common Stock,Industrials,RUSSELL3000_APPROX
CHE,Chemed Corp,Health Care,RUSSELL3000_APPROX
LNTH,Lantheus Holdings Inc. Common Stock,Health Care,RUSSELL3000_APPROX
PLXS,Plexus Corp. Common Stock,Technology,RUSSELL3000_APPROX
HIMS,Hims & Hers Health Inc. Class A Common Stock,Health Care,RUSSELL3000_APPROX
SGHC,Super Group (SGHC) Limited Ordinary Shares,Consumer Discretionary,RUSSELL3000_APPROX
VNO,Vornado Realty Trust Common Stock,Real Estate,RUSSELL3000_APPROX
URBN,Urban Outfitters Inc. Common Stock,Consumer Discretionary,RUSSELL3000_APPROX
SFM,Sprouts Farmers Market Inc. Common Stock,Consumer Staples,RUSSELL3000_APPROX
OGC,OceanaGold Corporation Common Shares,N/A,RUSSELL3000_APPROX
ORKA,Oruka Therapeutics Inc. Common Stock,Health Care,RUSSELL3000_APPROX
TXNM,TXNM Energy Inc. Common Stock,Utilities,RUSSELL3000_APPROX
CMBT,CMB.TECH NV Ordinary Shares,Consumer Discretionary,RUSSELL3000_APPROX
POWL,Powell Industries Inc. Common Stock,Energy,RUSSELL3000_APPROX
MIRM,Mirum Pharmaceuticals Inc. Common Stock,Health Care,RUSSELL3000_APPROX
VCTR,Victory Capital Holdings Inc. Class A Common Stock,Finance,RUSSELL3000_APPROX
MAC,Macerich Company (The) Common Stock,Real Estate,RUSSELL3000_APPROX
JMKE,Jersey Mike's Subs Inc. Class A Common Stock,Consumer Discretionary,RUSSELL3000_APPROX
LW,Lamb Weston Holdings Inc. Common Stock,Consumer Staples,RUSSELL3000_APPROX
FNB,F.N.B. Corporation Common Stock,Finance,RUSSELL3000_APPROX
AMRX,Amneal Pharmaceuticals Inc. Class A Common Stock,Health Care,RUSSELL3000_APPROX
GATX,GATX Corporation Common Stock,Consumer Discretionary,RUSSELL3000_APPROX
ENS,EnerSys Common Stock,Miscellaneous,RUSSELL3000_APPROX
CPB,The Campbell's Company Common Stock,Consumer Staples,RUSSELL3000_APPROX
HR,Healthcare Realty Trust Incorporated Common Stock,Real Estate,RUSSELL3000_APPROX
AAON,AAON Inc. Common Stock,Industrials,RUSSELL3000_APPROX
INGM,Ingram Micro Holding Corporation Common Stock,Technology,RUSSELL3000_APPROX
SWX,Southwest Gas Holdings Inc. Common Stock (DE),Utilities,RUSSELL3000_APPROX
RNG,RingCentral Inc. Class A Common Stock,Technology,RUSSELL3000_APPROX
INGR,Ingredion Incorporated Common Stock,Consumer Staples,RUSSELL3000_APPROX
PJT,PJT Partners Inc. Class A Common Stock,Finance,RUSSELL3000_APPROX
MMED,MiniMed Group Inc. Common Stock,Health Care,RUSSELL3000_APPROX
ANDG,Andersen Group Inc. Class A Common Stock,Consumer Discretionary,RUSSELL3000_APPROX
KNSA,Kiniksa Pharmaceuticals International plc Class A Ordinary Shares,Health Care,RUSSELL3000_APPROX
PL,Planet Labs PBC Class A Common Stock,Technology,RUSSELL3000_APPROX
VSXY,Victorias Secret & Co. Common Stock,Consumer Discretionary,RUSSELL3000_APPROX
ALGM,Allegro MicroSystems Inc. Common Stock,Technology,RUSSELL3000_APPROX
CVLT,Commvault Systems Inc. Common Stock,Technology,RUSSELL3000_APPROX
QLYS,Qualys Inc. Common Stock,Technology,RUSSELL3000_APPROX
JOBY,Joby Aviation Inc. Common Stock,Industrials,RUSSELL3000_APPROX
CACC,Credit Acceptance Corporation Common Stock,Finance,RUSSELL3000_APPROX
LQDA,Liquidia Corporation Common Stock,Health Care,RUSSELL3000_APPROX
RDNT,RadNet Inc. Common Stock,Health Care,RUSSELL3000_APPROX
TVTX,Travere Therapeutics Inc. Common Stock,Health Care,RUSSELL3000_APPROX
ACI,Albertsons Companies Inc. Class A Common Stock,Consumer Staples,RUSSELL3000_APPROX
POOL,Pool Corporation Common Stock,Consumer Discretionary,RUSSELL3000_APPROX
MTG,MGIC Investment Corporation Common Stock,Finance,RUSSELL3000_APPROX
IFS,Intercorp Financial Services Inc. Common Shares,Finance,RUSSELL3000_APPROX
NPO,Enpro Inc. Common Stock,Industrials,RUSSELL3000_APPROX
LEA,Lear Corporation Common Stock,Consumer Discretionary,RUSSELL3000_APPROX
CZR,Caesars Entertainment Inc. Common Stock,Consumer Discretionary,RUSSELL3000_APPROX
EPAM,EPAM Systems Inc. Common Stock,Technology,RUSSELL3000_APPROX
DPC,DPC Holdings PLC Ordinary Shares,Telecommunications,RUSSELL3000_APPROX
CRUS,Cirrus Logic Inc. Common Stock,Technology,RUSSELL3000_APPROX
LKQ,LKQ Corporation Common Stock,Consumer Discretionary,RUSSELL3000_APPROX
LOAR,Loar Holdings Inc. Common Stock,Industrials,RUSSELL3000_APPROX
HWC,Hancock Whitney Corporation Common Stock,Finance,RUSSELL3000_APPROX
BLCO,Bausch + Lomb Corporation Common Shares,Health Care,RUSSELL3000_APPROX
ORA,Ormat Technologies Inc. Common Stock,Utilities,RUSSELL3000_APPROX
CAVA,CAVA Group Inc. Common Stock,Consumer Discretionary,RUSSELL3000_APPROX
SRRK,Scholar Rock Holding Corporation Common Stock,Health Care,RUSSELL3000_APPROX
HOMB,Home BancShares Inc. Common Stock,Finance,RUSSELL3000_APPROX
RYN,Rayonier Inc. REIT Common Stock,Real Estate,RUSSELL3000_APPROX
PEGA,Pegasystems Inc. Common Stock,Technology,RUSSELL3000_APPROX
MBGL,Mobility Global Inc. Common Stock,Consumer Discretionary,RUSSELL3000_APPROX
LGN,Legence Corp. Class A Common stock,Consumer Discretionary,RUSSELL3000_APPROX
CROX,Crocs Inc. Common Stock,Consumer Discretionary,RUSSELL3000_APPROX
KGS,Kodiak Gas Services Inc. Common Stock,Utilities,RUSSELL3000_APPROX
ANF,Abercrombie & Fitch Company Common Stock,Consumer Discretionary,RUSSELL3000_APPROX
WFRD,Weatherford International plc Ordinary Shares,Consumer Discretionary,RUSSELL3000_APPROX
LYFT,Lyft Inc. Class A Common Stock,Consumer Discretionary,RUSSELL3000_APPROX
USAR,USA Rare Earth Inc. Class A Common Stock,Basic Materials,RUSSELL3000_APPROX
RSI,Rush Street Interactive Inc. Class A Common Stock,Consumer Discretionary,RUSSELL3000_APPROX
VAL,Valaris Limited Common Shares,Energy,RUSSELL3000_APPROX
GBCI,Glacier Bancorp Inc. Common Stock,Finance,RUSSELL3000_APPROX
LSTR,Landstar System Inc. Common Stock,Industrials,RUSSELL3000_APPROX
RUSHA,Rush Enterprises Inc. Common Stock Cl A,Consumer Discretionary,RUSSELL3000_APPROX
EPRT,Essential Properties Realty Trust Inc. Common Stock,Real Estate,RUSSELL3000_APPROX
ECG,Everus Construction Group Inc. Common Stock,Consumer Discretionary,RUSSELL3000_APPROX
AN,AutoNation Inc. Common Stock,Consumer Discretionary,RUSSELL3000_APPROX
NAVN,Navan Inc. Class A Common Stock,Technology,RUSSELL3000_APPROX
COGT,Cogent Biosciences Inc. Common Stock,Health Care,RUSSELL3000_APPROX
MKTX,MarketAxess Holdings Inc. Common Stock,Finance,RUSSELL3000_APPROX
CHDN,Churchill Downs Incorporated Common Stock,Consumer Discretionary,RUSSELL3000_APPROX
JBTM,JBT Marel Corporation Common Stock,Industrials,RUSSELL3000_APPROX
SNDR,Schneider National Inc. Common Stock,Industrials,RUSSELL3000_APPROX
BGC,BGC Group Inc. Class A Common Stock,Finance,RUSSELL3000_APPROX
STEP,StepStone Group Inc. Class A Common Stock,Finance,RUSSELL3000_APPROX
LGND,Ligand Pharmaceuticals Incorporated Common Stock,Health Care,RUSSELL3000_APPROX
PTCT,PTC Therapeutics Inc. Common Stock,Health Care,RUSSELL3000_APPROX
DNTH,Dianthus Therapeutics Inc. Common Stock,Health Care,RUSSELL3000_APPROX
POR,Portland General Electric Co Common Stock,Utilities,RUSSELL3000_APPROX
M,Macy's Inc Common Stock,Consumer Discretionary,RUSSELL3000_APPROX
CWST,Casella Waste Systems Inc. Class A Common Stock,Utilities,RUSSELL3000_APPROX
ASB,Associated Banc-Corp Common Stock,Finance,RUSSELL3000_APPROX
SAIC,Science Applications International Corporation Common Stock,Technology,RUSSELL3000_APPROX
OBDC,Blue Owl Capital Corporation Common Stock,Finance,RUSSELL3000_APPROX
STWD,STARWOOD PROPERTY TRUST INC. Starwood Property Trust Inc.,Real Estate,RUSSELL3000_APPROX
ABCB,Ameris Bancorp Common Stock,Finance,RUSSELL3000_APPROX
MCY,Mercury General Corporation Common Stock,Finance,RUSSELL3000_APPROX
AUB,Atlantic Union Bankshares Corporation Common Stock,Finance,RUSSELL3000_APPROX
RLI,RLI Corp. Common Stock (DE),Finance,RUSSELL3000_APPROX
RRR,Red Rock Resorts Inc. Class A Common Stock,Consumer Discretionary,RUSSELL3000_APPROX
HRB,H&R Block Inc. Common Stock,Consumer Discretionary,RUSSELL3000_APPROX
CORZ,Core Scientific Inc. Common Stock,Finance,RUSSELL3000_APPROX
ELF,e.l.f. Beauty Inc. Common Stock,Consumer Discretionary,RUSSELL3000_APPROX
SXT,Sensient Technologies Corporation Common Stock,Industrials,RUSSELL3000_APPROX
PI,Impinj Inc. Common Stock,Technology,RUSSELL3000_APPROX
VRNS,Varonis Systems Inc. Common Stock,Technology,RUSSELL3000_APPROX
FTDR,Frontdoor Inc. Common Stock,Consumer Discretionary,RUSSELL3000_APPROX
INSW,International Seaways Inc. Common Stock,Consumer Discretionary,RUSSELL3000_APPROX
AROC,Archrock Inc. Common Stock,Utilities,RUSSELL3000_APPROX
XMTR,Xometry Inc. Class A Common Stock,Consumer Discretionary,RUSSELL3000_APPROX
EXP,Eagle Materials Inc Common Stock,Industrials,RUSSELL3000_APPROX
CVI,CVR Energy Inc. Common Stock,Energy,RUSSELL3000_APPROX
BKH,Black Hills Corporation Common Stock,Utilities,RUSSELL3000_APPROX
ROAD,Construction Partners Inc. Class A Common Stock,Industrials,RUSSELL3000_APPROX
YOU,Clear Secure Inc. Class A Common Stock,Technology,RUSSELL3000_APPROX
NJR,NewJersey Resources Corporation Common Stock,Utilities,RUSSELL3000_APPROX
OZK,Bank OZK Common Stock,Finance,RUSSELL3000_APPROX
SHC,Sotera Health Company Common Stock,Health Care,RUSSELL3000_APPROX
MUR,Murphy Oil Corporation Common Stock,Energy,RUSSELL3000_APPROX
BYD,Boyd Gaming Corporation Common Stock,Consumer Discretionary,RUSSELL3000_APPROX
WHD,Cactus Inc. Class A Common Stock,Consumer Discretionary,RUSSELL3000_APPROX
DLB,Dolby Laboratories Common Stock,Miscellaneous,RUSSELL3000_APPROX
EXLS,ExlService Holdings Inc. Common Stock,Consumer Discretionary,RUSSELL3000_APPROX
AGX,Argan Inc. Common Stock,Consumer Discretionary,RUSSELL3000_APPROX
ERAS,Erasca Inc. Common Stock,Health Care,RUSSELL3000_APPROX
GXO,GXO Logistics Inc. Common Stock,Consumer Discretionary,RUSSELL3000_APPROX
RGTI,Rigetti Computing Inc. Common Stock,Technology,RUSSELL3000_APPROX
MAIN,Main Street Capital Corporation Common Stock,Finance,RUSSELL3000_APPROX
TFX,Teleflex Incorporated Common Stock,Health Care,RUSSELL3000_APPROX
BBUC,Brookfield Business Corporation Class A Subordinate Voting Shares,Consumer Discretionary,RUSSELL3000_APPROX
SEI,Solaris Energy Infrastructure Inc. Class A Common Stock,Consumer Discretionary,RUSSELL3000_APPROX
RITM,Rithm Capital Corp. Common Stock,Real Estate,RUSSELL3000_APPROX
NIQ,NIQ Global Intelligence plc Ordinary Shares,Technology,RUSSELL3000_APPROX
IBP,Installed Building Products Inc. Common Stock,Consumer Discretionary,RUSSELL3000_APPROX
BCPC,Balchem Corporation Common Stock,Industrials,RUSSELL3000_APPROX
FLG,Flagstar Bank N.A. Common Stock,Finance,RUSSELL3000_APPROX
TTAN,ServiceTitan Inc. Class A Common Stock,Technology,RUSSELL3000_APPROX
BLLN,BillionToOne Inc. Class A Common Stock,Health Care,RUSSELL3000_APPROX
MTRN,Materion Corporation,Industrials,RUSSELL3000_APPROX
MWH,SOLV Energy Inc. Class A Common Stock,Industrials,RUSSELL3000_APPROX
SPHR,Sphere Entertainment Co. Class A Common Stock,Consumer Discretionary,RUSSELL3000_APPROX
DFTX,Definium Therapeutics Inc. Common Shares,Health Care,RUSSELL3000_APPROX
PSMT,PriceSmart Inc. Common Stock,Consumer Discretionary,RUSSELL3000_APPROX
CLMT,Calumet Inc. Common Stock,Energy,RUSSELL3000_APPROX
SIGI,Selective Insurance Group Inc. Common Stock,Finance,RUSSELL3000_APPROX
AX,Axos Financial Inc. Common Stock,Finance,RUSSELL3000_APPROX
MRCY,Mercury Systems Inc Common Stock,Technology,RUSSELL3000_APPROX
ACIW,ACI Worldwide Inc. Common Stock,Technology,RUSSELL3000_APPROX
SBRA,Sabra Health Care REIT Inc. Common Stock,Real Estate,RUSSELL3000_APPROX
BIRK,Birkenstock Holding plc Ordinary Shares,Consumer Discretionary,RUSSELL3000_APPROX
HESM,Hess Midstream LP Class A Representing Limited Partner Interests,Energy,RUSSELL3000_APPROX
CNO,CNO Financial Group Inc. Common Stock,Finance,RUSSELL3000_APPROX
CE,Celanese Corporation Common Stock,Industrials,RUSSELL3000_APPROX
WH,Wyndham Hotels & Resorts Inc. Common Stock,Consumer Discretionary,RUSSELL3000_APPROX
MMSI,Merit Medical Systems Inc. Common Stock,Health Care,RUSSELL3000_APPROX
ADT,ADT Inc. Common Stock,Consumer Discretionary,RUSSELL3000_APPROX
EWTX,Edgewise Therapeutics Inc. Common Stock,Health Care,RUSSELL3000_APPROX
PIPR,Piper Sandler Companies Common Stock,Finance,RUSSELL3000_APPROX
KRG,Kite Realty Group Trust Common Stock,Real Estate,RUSSELL3000_APPROX
WAY,Waystar Holding Corp. Common Stock,Technology,RUSSELL3000_APPROX
VFC,V.F. Corporation Common Stock,Industrials,RUSSELL3000_APPROX
BETA,Beta Technologies Inc. Class A Common Stock,Industrials,RUSSELL3000_APPROX
CWEN,Clearway Energy Inc. Class C Common Stock,Utilities,RUSSELL3000_APPROX
NOVT,Novanta Inc. Common Stock,Miscellaneous,RUSSELL3000_APPROX
FND,Floor & Decor Holdings Inc. Common Stock,Consumer Discretionary,RUSSELL3000_APPROX
GVA,Granite Construction Incorporated Common Stock,Industrials,RUSSELL3000_APPROX
VSNT,Versant Media Group Inc. Class A Common Stock,Industrials,RUSSELL3000_APPROX
MIDD,Middleby Corporation (The) Common Stock,Industrials,RUSSELL3000_APPROX
IRDM,Iridium Communications Inc Common Stock,Consumer Discretionary,RUSSELL3000_APPROX
NXST,Nexstar Media Group Inc. Common Stock,Industrials,RUSSELL3000_APPROX
IEP,Icahn Enterprises L.P. Common Stock,Energy,RUSSELL3000_APPROX
DK,Delek US Holdings Inc. Common Stock,Energy,RUSSELL3000_APPROX
PBLS,Parabilis Medicines Inc. Common Stock,Health Care,RUSSELL3000_APPROX
OTF,Blue Owl Technology Finance Corp. Common Stock,N/A,RUSSELL3000_APPROX
OCTV,Octave Intelligence plc Class B Ordinary Shares,Technology,RUSSELL3000_APPROX
CNX,CNX Resources Corporation Common Stock,Energy,RUSSELL3000_APPROX
LAUR,Laureate Education Inc. Common Stock,Real Estate,RUSSELL3000_APPROX
GBTG,Global Business Travel Group Inc. Class A Common Stock,Consumer Discretionary,RUSSELL3000_APPROX
AMTM,Amentum Holdings Inc. Common Stock,Consumer Discretionary,RUSSELL3000_APPROX
PSN,Parsons Corporation Common Stock,Technology,RUSSELL3000_APPROX
EBC,Eastern Bankshares Inc. Common Stock,Finance,RUSSELL3000_APPROX
VSEC,VSE Corporation Common Stock,Consumer Discretionary,RUSSELL3000_APPROX
WTM,White Mountains Insurance Group Ltd. Common Stock,Finance,RUSSELL3000_APPROX
FRVO,Fervo Energy Company Class A common stock,Utilities,RUSSELL3000_APPROX
MTN,Vail Resorts Inc. Common Stock,Consumer Discretionary,RUSSELL3000_APPROX
OUT,OUTFRONT Media Inc. Common Stock,Real Estate,RUSSELL3000_APPROX
HAE,Haemonetics Corporation Common Stock,Health Care,RUSSELL3000_APPROX
VSH,Vishay Intertechnology Inc. Common Stock,Technology,RUSSELL3000_APPROX
HLNE,Hamilton Lane Incorporated Class A Common Stock,Finance,RUSSELL3000_APPROX
HAFN,Hafnia Limited Common Shares,Consumer Discretionary,RUSSELL3000_APPROX
HCC,Warrior Met Coal Inc. Common Stock,Energy,RUSSELL3000_APPROX
CRC,California Resources Corporation Common Stock,Energy,RUSSELL3000_APPROX
SON,Sonoco Products Company Common Stock,Consumer Discretionary,RUSSELL3000_APPROX
LFST,LifeStance Health Group Inc. Common Stock,Health Care,RUSSELL3000_APPROX
PECO,Phillips Edison & Company Inc. Common Stock,Real Estate,RUSSELL3000_APPROX
GHC,Graham Holdings Company Common Stock,Real Estate,RUSSELL3000_APPROX
OGS,ONE Gas Inc. Common Stock,Utilities,RUSSELL3000_APPROX
REYN,Reynolds Consumer Products Inc. Common Stock,Consumer Discretionary,RUSSELL3000_APPROX
MRP,Millrose Properties Inc. Class A Common Stock,Finance,RUSSELL3000_APPROX
HASI,HA Sustainable Infrastructure Capital Inc. Common Stock,Finance,RUSSELL3000_APPROX
CAKE,Cheesecake Factory Incorporated (The) Common Stock,Consumer Discretionary,RUSSELL3000_APPROX
HGTY,Hagerty Inc. Class A Common Stock,Finance,RUSSELL3000_APPROX
GOLF,Acushnet Holdings Corp. Common Stock,Consumer Discretionary,RUSSELL3000_APPROX
ENPH,Enphase Energy Inc. Common Stock,Technology,RUSSELL3000_APPROX
BOX,Box Inc. Class A Common Stock,Technology,RUSSELL3000_APPROX
SR,Spire Inc. Common Stock,Utilities,RUSSELL3000_APPROX
FBIN,Fortune Brands Innovations Inc. Common Stock,Basic Materials,RUSSELL3000_APPROX
DOCS,Doximity Inc. Class A Common Stock,Technology,RUSSELL3000_APPROX
GNTX,Gentex Corporation Common Stock,Consumer Discretionary,RUSSELL3000_APPROX
ACAD,ACADIA Pharmaceuticals Inc. Common Stock,Health Care,RUSSELL3000_APPROX
UNF,Unifirst Corporation Common Stock,Consumer Discretionary,RUSSELL3000_APPROX
ACMR,ACM Research Inc. Class A Common Stock,Technology,RUSSELL3000_APPROX
TFSL,TFS Financial Corporation Common Stock,Finance,RUSSELL3000_APPROX
FFIN,First Financial Bankshares Inc. Common Stock,Finance,RUSSELL3000_APPROX
CSW,CSW Industrials Inc. Common Stock,Industrials,RUSSELL3000_APPROX
SLM,SLM Corporation Common Stock,Finance,RUSSELL3000_APPROX
KRMN,Karman Holdings Inc. Common Stock,Industrials,RUSSELL3000_APPROX
CRGY,Crescent Energy Company Class A Common Stock,Energy,RUSSELL3000_APPROX
MC,Moelis & Company Class A Common Stock,Finance,RUSSELL3000_APPROX
CUZ,Cousins Properties Incorporated Common Stock,Real Estate,RUSSELL3000_APPROX
EQPT,EquipmentShare.com Inc Class A Common Stock,Consumer Discretionary,RUSSELL3000_APPROX
HRI,Herc Holdings Inc. Common Stock,Industrials,RUSSELL3000_APPROX
CNR,Core Natural Resources Inc. Common Stock,Energy,RUSSELL3000_APPROX
KBR,KBR Inc. Common Stock,Industrials,RUSSELL3000_APPROX
SKY,Champion Homes Inc. Common Stock,Consumer Discretionary,RUSSELL3000_APPROX
RDN,Radian Group Inc. Common Stock,Finance,RUSSELL3000_APPROX
LPX,Louisiana-Pacific Corporation Common Stock,Basic Materials,RUSSELL3000_APPROX
RELY,Remitly Global Inc. Common Stock,Consumer Discretionary,RUSSELL3000_APPROX
OII,Oceaneering International Inc. Common Stock,Energy,RUSSELL3000_APPROX
PTEN,Patterson-UTI Energy Inc. Common Stock,Energy,RUSSELL3000_APPROX
ADPT,Adaptive Biotechnologies Corporation Common Stock,Health Care,RUSSELL3000_APPROX
PAY,Paymentus Holdings Inc. Class A Common Stock,Consumer Discretionary,RUSSELL3000_APPROX
DAVE,Dave Inc. Class A Common Stock,Finance,RUSSELL3000_APPROX
MANE,Veradermics Incorporated Common Stock,Health Care,RUSSELL3000_APPROX
NSIT,Insight Enterprises Inc. Common Stock,Consumer Discretionary,RUSSELL3000_APPROX
IOVA,Iovance Biotherapeutics Inc. Common Stock,Health Care,RUSSELL3000_APPROX
CON,Concentra Group Holdings Parent Inc. Common Stock,Health Care,RUSSELL3000_APPROX
NNI,Nelnet Inc. Common Stock,Finance,RUSSELL3000_APPROX
OLLI,Ollie's Bargain Outlet Holdings Inc. Common Stock,Consumer Discretionary,RUSSELL3000_APPROX
KVYO,Klaviyo Inc. Series A Common Stock,Technology,RUSSELL3000_APPROX
AIR,AAR Corp. Common Stock,Industrials,RUSSELL3000_APPROX
TPC,Tutor Perini Corporation Common Stock,Consumer Discretionary,RUSSELL3000_APPROX
MARA,MARA Holdings Inc. Common Stock,Finance,RUSSELL3000_APPROX
CHEF,The Chefs' Warehouse Inc. Common Stock,Consumer Discretionary,RUSSELL3000_APPROX
ENO,Entergy New Orleans LLC First Mortgage Bonds 5.50% Series due April 1 2066,Utilities,RUSSELL3000_APPROX
SFBS,ServisFirst Bancshares Inc. Common Stock,Finance,RUSSELL3000_APPROX
FULT,Fulton Financial Corporation Common Stock,Finance,RUSSELL3000_APPROX
ALK,Alaska Air Group Inc. Common Stock,Consumer Discretionary,RUSSELL3000_APPROX
ENVA,Enova International Inc. Common Stock,Finance,RUSSELL3000_APPROX
BWIN,The Baldwin Insurance Group Inc. Class A Common Stock,Finance,RUSSELL3000_APPROX
CHH,Choice Hotels International Inc. Common Stock,Consumer Discretionary,RUSSELL3000_APPROX
AXTI,AXT Inc Common Stock,Technology,RUSSELL3000_APPROX
TREX,Trex Company Inc. Common Stock,Basic Materials,RUSSELL3000_APPROX
RUM,RUM Group Inc. Class A Common Stock,Technology,RUSSELL3000_APPROX
BC,Brunswick Corporation Common Stock,Industrials,RUSSELL3000_APPROX
BCO,Brinks Company (The) Common Stock,Industrials,RUSSELL3000_APPROX
IBOC,International Bancshares Corporation Common Stock,Finance,RUSSELL3000_APPROX
EPR,EPR Properties Common Stock,Real Estate,RUSSELL3000_APPROX
BDC,Belden Inc Common Stock,Industrials,RUSSELL3000_APPROX
UFPI,UFP Industries Inc. Common Stock,Basic Materials,RUSSELL3000_APPROX
TDW,Tidewater Inc. Common Stock,Consumer Discretionary,RUSSELL3000_APPROX
PARR,Par Pacific Holdings Inc.  Common Stock,Energy,RUSSELL3000_APPROX
HTFL,Heartflow Inc. Common Stock,Health Care,RUSSELL3000_APPROX
MYRG,MYR Group Inc. Common Stock,Industrials,RUSSELL3000_APPROX
CVSA,Covista Inc. Common Shares,Real Estate,RUSSELL3000_APPROX
VNT,Vontier Corporation Common Stock,Industrials,RUSSELL3000_APPROX
ITGR,Integer Holdings Corporation Common Stock,Health Care,RUSSELL3000_APPROX
ALH,Alliance Laundry Holdings Inc. Common Stock,Industrials,RUSSELL3000_APPROX
NWE,NorthWestern Energy Group Inc. Common Stock,Utilities,RUSSELL3000_APPROX
AMLX,Amylyx Pharmaceuticals Inc. Common Stock,Health Care,RUSSELL3000_APPROX
FELE,Franklin Electric Co. Inc. Common Stock,Consumer Discretionary,RUSSELL3000_APPROX
COLD,Americold Realty Trust Inc. Common Stock,Real Estate,RUSSELL3000_APPROX
GEO,Geo Group Inc (The) REIT,Consumer Discretionary,RUSSELL3000_APPROX
ONDS,Ondas Inc. Common Stock,Technology,RUSSELL3000_APPROX
MDA,MDA Space Ltd. Common Shares,Consumer Discretionary,RUSSELL3000_APPROX
GFF,Griffon Corporation Common Stock,Industrials,RUSSELL3000_APPROX
MTH,Meritage Homes Corporation Common Stock,Consumer Discretionary,RUSSELL3000_APPROX
FHI,Federated Hermes Inc. Common Stock,Finance,RUSSELL3000_APPROX
KFY,Korn Ferry Common Stock,Consumer Discretionary,RUSSELL3000_APPROX
RLAY,Relay Therapeutics Inc. Common Stock,Health Care,RUSSELL3000_APPROX
ACHR,Archer Aviation Inc. Class A Common Stock,Industrials,RUSSELL3000_APPROX
OPLN,OPENLANE Inc. Common Stock,Consumer Discretionary,RUSSELL3000_APPROX
DIOD,Diodes Incorporated Common Stock,Technology,RUSSELL3000_APPROX
BULL,Webull Corporation Class A Ordinary Shares,Finance,RUSSELL3000_APPROX
BWLP,BW LPG Limited Common Shares,Consumer Discretionary,RUSSELL3000_APPROX
BFH,Bread Financial Holdings Inc. Common Stock,Consumer Discretionary,RUSSELL3000_APPROX
EE,Excelerate Energy Inc. Class A Common Stock,Utilities,RUSSELL3000_APPROX
CELC,Celcuity Inc. Common Stock,Health Care,RUSSELL3000_APPROX
TDS,Telephone and Data Systems Inc. Common Shares,Telecommunications,RUSSELL3000_APPROX
CECO,CECO Environmental Corp. Common Stock,Industrials,RUSSELL3000_APPROX
NP,Neptune Insurance Holdings Inc. Class A Common Stock,Finance,RUSSELL3000_APPROX
ESAB,ESAB Corporation Common Stock,Industrials,RUSSELL3000_APPROX
HP,Helmerich & Payne Inc. Common Stock,Energy,RUSSELL3000_APPROX
AQN,Algonquin Power & Utilities Corp. Common Shares,Utilities,RUSSELL3000_APPROX
CATY,Cathay General Bancorp Common Stock,Finance,RUSSELL3000_APPROX
ELC,Entergy Louisiana Inc. Collateral Trust Mortgage Bonds 4.875 % Series due September 1 2066,Utilities,RUSSELL3000_APPROX
PRIM,Primoris Services Corporation Common Stock,Industrials,RUSSELL3000_APPROX
CVCO,Cavco Industries Inc. Common Stock When Issued,Consumer Discretionary,RUSSELL3000_APPROX
TCBI,Texas Capital Bancshares Inc. Common Stock,Finance,RUSSELL3000_APPROX
SKT,Tanger Inc. Common Stock,Real Estate,RUSSELL3000_APPROX
CAR,Avis Budget Group Inc. Common Stock,Consumer Discretionary,RUSSELL3000_APPROX
SEB,Seaboard Corporation Common Stock,Industrials,RUSSELL3000_APPROX
BILL,BILL Holdings Inc. Common Stock,Technology,RUSSELL3000_APPROX
WSFS,WSFS Financial Corporation Common Stock,Finance,RUSSELL3000_APPROX
MIR,Mirion Technologies Inc. Class A Common Stock,Industrials,RUSSELL3000_APPROX
CENX,Century Aluminum Company Common Stock,Industrials,RUSSELL3000_APPROX
AZZ,AZZ Inc.,Industrials,RUSSELL3000_APPROX
SLGN,Silgan Holdings Inc. Common Stock,Industrials,RUSSELL3000_APPROX
CVBF,CVB Financial Corporation Common Stock,Finance,RUSSELL3000_APPROX
LILAP,Liberty Latin America Ltd. 9.0% Fixed Rate Cumulative Perpetual Redeemable Series A Preference Shares,Telecommunications,RUSSELL3000_APPROX
CBT,Cabot Corporation Common Stock,Industrials,RUSSELL3000_APPROX
KRC,Kilroy Realty Corporation Common Stock,Real Estate,RUSSELL3000_APPROX
CNK,Cinemark Holdings Inc Cinemark Holdings Inc. Common Stock,Consumer Discretionary,RUSSELL3000_APPROX
ITRI,Itron Inc. Common Stock,Industrials,RUSSELL3000_APPROX
DTW,DTE Energy Company 2017 Series E 5.25% Junior Subordinated Debentures due 2077,Utilities,RUSSELL3000_APPROX
BRC,Brady Corporation Common Stock,Consumer Discretionary,RUSSELL3000_APPROX
WK,Workiva Inc. Class A Common Stock,Technology,RUSSELL3000_APPROX
LOPE,Grand Canyon Education Inc. Common Stock,Real Estate,RUSSELL3000_APPROX
TENB,Tenable Holdings Inc. Common Stock,Technology,RUSSELL3000_APPROX
TNGX,Tango Therapeutics Inc.,Health Care,RUSSELL3000_APPROX
CAAP,Corporacion America Airports SA Common Shares,Consumer Discretionary,RUSSELL3000_APPROX
MDU,MDU Resources Group Inc. Common Stock (Holding Company),Industrials,RUSSELL3000_APPROX
SKE,Skeena Resources Limited Common Shares,Basic Materials,RUSSELL3000_APPROX
CDP,COPT Defense Properties Common Shares of Beneficial Interest,Real Estate,RUSSELL3000_APPROX
FSLY,Fastly Inc. Class A Common Stock,Technology,RUSSELL3000_APPROX
ARIS,Aris Mining Corporation Common Shares,N/A,RUSSELL3000_APPROX
INDB,Independent Bank Corp. Common Stock,Finance,RUSSELL3000_APPROX
TNL,Travel   Leisure Co. Common  Stock,Consumer Discretionary,RUSSELL3000_APPROX
FCN,FTI Consulting Inc. Common Stock,Consumer Discretionary,RUSSELL3000_APPROX
SITE,SiteOne Landscape Supply Inc. Common Stock,Consumer Discretionary,RUSSELL3000_APPROX
CCC,CCC Intelligent Solutions Holdings Inc. Common Stock,Technology,RUSSELL3000_APPROX
SMR,NuScale Power Corporation Class A Common Stock,Industrials,RUSSELL3000_APPROX
GNW,Genworth Financial Inc Common Stock,Finance,RUSSELL3000_APPROX
GEF,Greif Inc. Class A Common Stock,N/A,RUSSELL3000_APPROX
WBI,WaterBridge Infrastructure LLC Class A Shares Representing Limited Liability Company Interests,Energy,RUSSELL3000_APPROX
ICUI,ICU Medical Inc. Common Stock,Health Care,RUSSELL3000_APPROX
IOND,Ionic Digital Inc. Class A Common Stock,Finance,RUSSELL3000_APPROX
RHI,Robert Half Inc. Common Stock,Consumer Discretionary,RUSSELL3000_APPROX
SEZL,Sezzle Inc. Common Stock,Finance,RUSSELL3000_APPROX
NVST,Envista Holdings Corporation Common Stock,Health Care,RUSSELL3000_APPROX
MAT,Mattel Inc. Common Stock,Consumer Discretionary,RUSSELL3000_APPROX
CRK,Comstock Resources Inc. Common Stock,Energy,RUSSELL3000_APPROX
LMND,Lemonade Inc. Common Stock,Finance,RUSSELL3000_APPROX
WSBC,WesBanco Inc. Common Stock,Finance,RUSSELL3000_APPROX
PLNT,Planet Fitness Inc. Common Stock,Consumer Discretionary,RUSSELL3000_APPROX
CNS,Cohen & Steers Inc Common Stock,Finance,RUSSELL3000_APPROX
MIAX,Miami International Holdings Inc. Common Stock,Finance,RUSSELL3000_APPROX
IDYA,IDEAYA Biosciences Inc. Common Stock,Health Care,RUSSELL3000_APPROX
AVNT,Avient Corporation Common Stock,Industrials,RUSSELL3000_APPROX
BOOT,Boot Barn Holdings Inc. Common Stock,Consumer Discretionary,RUSSELL3000_APPROX
OTTR,Otter Tail Corporation Common Stock,Utilities,RUSSELL3000_APPROX
SKYW,SkyWest Inc. Common Stock,Consumer Discretionary,RUSSELL3000_APPROX
SLG,SL Green Realty Corp Common Stock,Real Estate,RUSSELL3000_APPROX
RNST,Renasant Corporation Common Stock,Finance,RUSSELL3000_APPROX
BMI,Badger Meter Inc. Common Stock,Industrials,RUSSELL3000_APPROX
TARS,Tarsus Pharmaceuticals Inc. Common Stock,Health Care,RUSSELL3000_APPROX
BNL,Broadstone Net Lease Inc. Common Stock,Real Estate,RUSSELL3000_APPROX
IRTC,iRhythm Holdings Inc. Common Stock,Health Care,RUSSELL3000_APPROX
ELVN,Enliven Therapeutics Inc. Common Stock,Health Care,RUSSELL3000_APPROX
APLE,Apple Hospitality REIT Inc. Common Shares,Real Estate,RUSSELL3000_APPROX
MGNI,Magnite Inc. Common Stock,Technology,RUSSELL3000_APPROX
HHH,Howard Hughes Holdings Inc. Common Stock,Real Estate,RUSSELL3000_APPROX
OPCH,Option Care Health Inc. Common Stock,Health Care,RUSSELL3000_APPROX
BANF,BancFirst Corporation Common Stock,Finance,RUSSELL3000_APPROX
ZIM,ZIM Integrated Shipping Services Ltd. Ordinary Shares,Consumer Discretionary,RUSSELL3000_APPROX
DORM,Dorman Products Inc. Common Stock,Consumer Discretionary,RUSSELL3000_APPROX
MSGE,Madison Square Garden Entertainment Corp. Class A Common Stock,Consumer Discretionary,RUSSELL3000_APPROX
JOE,St. Joe Company (The) Common Stock,Real Estate,RUSSELL3000_APPROX
FLY,Firefly Aerospace Inc. Common Stock,Industrials,RUSSELL3000_APPROX
FA,First Advantage Corporation Common Stock,Technology,RUSSELL3000_APPROX
SYNA,Synaptics Incorporated Common Stock $0.001 Par Value,Technology,RUSSELL3000_APPROX
PLMR,Palomar Holdings Inc. Common stock,Finance,RUSSELL3000_APPROX
QTWO,Q2 Holdings Inc. Common Stock,Technology,RUSSELL3000_APPROX
VAC,Marriott Vacations Worldwide Corporation Common Stock,Finance,RUSSELL3000_APPROX
PLSE,Pulse Biosciences Inc Common Stock (DE),Health Care,RUSSELL3000_APPROX
ATMU,Atmus Filtration Technologies Inc. Common Stock,Consumer Discretionary,RUSSELL3000_APPROX
OGN,Organon & Co. Common Stock,Health Care,RUSSELL3000_APPROX
LXP,LXP Industrial Trust Common Stock (Maryland REIT),Real Estate,RUSSELL3000_APPROX
BATRA,Atlanta Braves Holdings Inc. Series A Common Stock,Consumer Discretionary,RUSSELL3000_APPROX
THO,Thor Industries Inc. Common Stock,Industrials,RUSSELL3000_APPROX
KTB,Kontoor Brands Inc. Common Stock,Industrials,RUSSELL3000_APPROX
GPGI,GPGI Inc. Class A Common Stock,Finance,RUSSELL3000_APPROX
GRAL,GRAIL Inc. Common Stock,Health Care,RUSSELL3000_APPROX
MHO,M/I Homes Inc. Common Stock,Consumer Discretionary,RUSSELL3000_APPROX
CII,BlackRock Enhanced Large Cap Core Fund Inc. Common Stock,Finance,RUSSELL3000_APPROX
CRVL,CorVel Corp. Common Stock,Finance,RUSSELL3000_APPROX
OLED,Universal Display Corporation Common Stock,Technology,RUSSELL3000_APPROX
PDI,PIMCO Dynamic Income Fund Common Stock,Finance,RUSSELL3000_APPROX
IRT,Independence Realty Trust Inc. Common Stock,Real Estate,RUSSELL3000_APPROX
IPAR,Interparfums Inc. Common Stock,Consumer Discretionary,RUSSELL3000_APPROX
FIBK,First Interstate BancSystem Inc. Common Stock (DE),Finance,RUSSELL3000_APPROX
NHC,National HealthCare Corporation Common Stock,Health Care,RUSSELL3000_APPROX
NIC,Nicolet Bankshares Inc. Common Stock,Finance,RUSSELL3000_APPROX
CXW,CoreCivic Inc. Common Stock,Real Estate,RUSSELL3000_APPROX
CALM,Cal-Maine Foods Inc. Common Stock,Consumer Staples,RUSSELL3000_APPROX
BBWI,Bath & Body Works Inc.,Consumer Discretionary,RUSSELL3000_APPROX
PFSI,PennyMac Financial Services Inc. Common Stock,Finance,RUSSELL3000_APPROX
VVV,Valvoline Inc. Common Stock,Industrials,RUSSELL3000_APPROX
PTRN,Pattern Group Inc. Series A Common Stock,Consumer Discretionary,RUSSELL3000_APPROX
BELFB,Bel Fuse Inc. Class B Common Stock,N/A,RUSSELL3000_APPROX
AWR,American States Water Company Common Stock,Utilities,RUSSELL3000_APPROX
CLSK,CleanSpark Inc. Common Stock,Finance,RUSSELL3000_APPROX
VKTX,Viking Therapeutics Inc. Common Stock,Health Care,RUSSELL3000_APPROX
POST,Post Holdings Inc. Common Stock,Consumer Staples,RUSSELL3000_APPROX
MWA,MUELLER WATER PRODUCTS Common Stock,Industrials,RUSSELL3000_APPROX
NHI,National Health Investors Inc. Common Stock,Real Estate,RUSSELL3000_APPROX
MCHB,Mechanics Bancorp Class A Common Stock,Finance,RUSSELL3000_APPROX
HIW,Highwoods Properties Inc. Common Stock,Real Estate,RUSSELL3000_APPROX
PVH,PVH Corp. Common Stock,Industrials,RUSSELL3000_APPROX
LUNR,Intuitive Machines Inc. Class A Common Stock,Industrials,RUSSELL3000_APPROX
NATL,NCR Atleos Corporation Common Stock,Miscellaneous,RUSSELL3000_APPROX
ABG,Asbury Automotive Group Inc Common Stock,Consumer Discretionary,RUSSELL3000_APPROX
DYN,Dyne Therapeutics Inc. Common Stock,Health Care,RUSSELL3000_APPROX
FFBC,First Financial Bancorp. Common Stock,Finance,RUSSELL3000_APPROX
WT,WisdomTree Inc. Common Stock,Finance,RUSSELL3000_APPROX
ECO,Okeanis Eco Tankers Corp. Common Stock,Consumer Discretionary,RUSSELL3000_APPROX
LRN,Stride Inc. Common Stock,Real Estate,RUSSELL3000_APPROX
DTG,DTE Energy Company 2021 Series E 4.375% Junior Subordinated Debentures,Utilities,RUSSELL3000_APPROX
HNI,HNI Corporation Common Stock,Consumer Discretionary,RUSSELL3000_APPROX
ARQT,Arcutis Biotherapeutics Inc. Common Stock,Health Care,RUSSELL3000_APPROX
HTGC,Hercules Capital Inc. Common Stock,Finance,RUSSELL3000_APPROX
RXO,RXO Inc. Common Stock,Consumer Discretionary,RUSSELL3000_APPROX
BTU,Peabody Energy Corporation Common Stock,Energy,RUSSELL3000_APPROX
FRSH,Freshworks Inc. Class A Common Stock,Technology,RUSSELL3000_APPROX
WSC,WillScot Holdings Corporation Class A Common Stock,Industrials,RUSSELL3000_APPROX
ZGN,Ermenegildo Zegna N.V. Ordinary Shares,Consumer Discretionary,RUSSELL3000_APPROX
CURB,Curbline Properties Corp. Common Stock,Finance,RUSSELL3000_APPROX
SFNC,Simmons First National Corporation Class A Common Stock,Finance,RUSSELL3000_APPROX
GBDC,Golub Capital BDC Inc. Common Stock,Finance,RUSSELL3000_APPROX
PRK,Park National Corporation Common Stock,Finance,RUSSELL3000_APPROX
COCO,The Vita Coco Company Inc. Common Stock,Consumer Staples,RUSSELL3000_APPROX
DTB,DTE Energy Company 2020 Series G 4.375% Junior Subordinated Debentures due 2080,Utilities,RUSSELL3000_APPROX
LIF,Life360 Inc. Common Stock,Technology,RUSSELL3000_APPROX
DAN,Dana Incorporated Common Stock,Consumer Discretionary,RUSSELL3000_APPROX
FOUR,Shift4 Payments Inc. Class A Common Stock,Consumer Discretionary,RUSSELL3000_APPROX
VCYT,Veracyte Inc. Common Stock,Health Care,RUSSELL3000_APPROX
SBCF,Seacoast Banking Corporation of Florida Common Stock,Finance,RUSSELL3000_APPROX
RCUS,Arcus Biosciences Inc. Common Stock,Health Care,RUSSELL3000_APPROX
CSQ,Calamos Strategic Total Return Common Stock,Finance,RUSSELL3000_APPROX
BATRK,Atlanta Braves Holdings Inc. Series C Common Stock,Consumer Discretionary,RUSSELL3000_APPROX
FSK,FS KKR Capital Corp. Common Stock,Finance,RUSSELL3000_APPROX
EXPO,Exponent Inc. Common Stock,Consumer Discretionary,RUSSELL3000_APPROX
IPGP,IPG Photonics Corporation Common Stock,Technology,RUSSELL3000_APPROX
SII,Sprott Inc. Common Shares,Finance,RUSSELL3000_APPROX
ACLS,Axcelis Technologies Inc. Common Stock,Technology,RUSSELL3000_APPROX
NMIH,NMI Holdings Inc. Common Stock,Finance,RUSSELL3000_APPROX
DNLI,Denali Therapeutics Inc. Common Stock,Health Care,RUSSELL3000_APPROX
QS,QuantumScape Corporation Class A Common Stock,Miscellaneous,RUSSELL3000_APPROX
ASH,Ashland Inc. Common Stock,Consumer Discretionary,RUSSELL3000_APPROX
OSIS,OSI Systems Inc. Common Stock (DE),Technology,RUSSELL3000_APPROX
ATKR,Atkore Inc. Common Stock,Miscellaneous,RUSSELL3000_APPROX
AD,Array Digital Infrastructure Inc. Common Shares,Telecommunications,RUSSELL3000_APPROX
FRMI,Fermi Inc. Common Stock,Real Estate,RUSSELL3000_APPROX
PII,Polaris Inc. Common Stock,Consumer Discretionary,RUSSELL3000_APPROX
SXI,Standex International Corporation Common Stock,Industrials,RUSSELL3000_APPROX
KAI,Kadant Inc Common Stock,Industrials,RUSSELL3000_APPROX
CPK,Chesapeake Utilities Corporation Common Stock,Utilities,RUSSELL3000_APPROX
FHB,First Hawaiian Inc. Common Stock,Finance,RUSSELL3000_APPROX
SMG,Scotts Miracle-Gro Company (The) Common Stock,Industrials,RUSSELL3000_APPROX
XXI,Twenty One Capital Inc. Class A Common Stock,Finance,RUSSELL3000_APPROX
EROK,EagleRock Land LLC Class A shares representing limited liability company interests,Energy,RUSSELL3000_APPROX
WGS,GeneDx Holdings Corp. Class A Common Stock,Health Care,RUSSELL3000_APPROX
INFQ,Infleqtion Inc. Common Stock,Technology,RUSSELL3000_APPROX
LBRT,Liberty Energy Inc. Class A common stock,Energy,RUSSELL3000_APPROX
TNET,TriNet Group Inc. Common Stock,Consumer Discretionary,RUSSELL3000_APPROX
NAN,Nuveen New York Quality Municipal Income Fund Common Stock,Finance,RUSSELL3000_APPROX
KNF,Knife Riv Holding Co. Common Stock,Industrials,RUSSELL3000_APPROX
AVA,Avista Corporation Common Stock,Utilities,RUSSELL3000_APPROX
MBX,MBX Biosciences Inc. Common Stock,Health Care,RUSSELL3000_APPROX
FG,F&G Annuities & Life Inc. Common Stock,Finance,RUSSELL3000_APPROX
CLDX,Celldex Therapeutics Inc.,Health Care,RUSSELL3000_APPROX
ASO,Academy Sports and Outdoors Inc. Common Stock,Consumer Discretionary,RUSSELL3000_APPROX
SHOO,Steven Madden Ltd. Common Stock,Consumer Discretionary,RUSSELL3000_APPROX
UCTT,Ultra Clean Holdings Inc. Common Stock,Technology,RUSSELL3000_APPROX
PURR,Hyperliquid Strategies Inc Common Stock,Finance,RUSSELL3000_APPROX
DX,Dynex Capital Inc. Common Stock,Real Estate,RUSSELL3000_APPROX
AVAH,Aveanna Healthcare Holdings Inc. Common Stock,Health Care,RUSSELL3000_APPROX
GPI,Group 1 Automotive Inc. Common Stock,Consumer Discretionary,RUSSELL3000_APPROX
PK,Park Hotels & Resorts Inc. Common Stock,Consumer Discretionary,RUSSELL3000_APPROX
KN,Knowles Corporation Common Stock,Consumer Staples,RUSSELL3000_APPROX
PFS,Provident Financial Services Inc Common Stock,Finance,RUSSELL3000_APPROX
YETI,YETI Holdings Inc. Common Stock,Consumer Discretionary,RUSSELL3000_APPROX
ATRC,AtriCure Inc. Common Stock,Health Care,RUSSELL3000_APPROX
CARG,CarGurus Inc. Class A Common Stock,Technology,RUSSELL3000_APPROX
TMDX,TransMedics Group Inc. Common Stock,Health Care,RUSSELL3000_APPROX
AAUC,Allied Gold Corporation Common Shares,N/A,RUSSELL3000_APPROX
WRBY,Warby Parker Inc. Class A Common Stock,Health Care,RUSSELL3000_APPROX
DBRG,DigitalBridge Group Inc.,Real Estate,RUSSELL3000_APPROX
KBH,KB Home Common Stock,Consumer Discretionary,RUSSELL3000_APPROX
MMS,Maximus Inc. Common Stock,Consumer Discretionary,RUSSELL3000_APPROX
FIZZ,National Beverage Corp. Common Stock,Consumer Staples,RUSSELL3000_APPROX
CBZ,CBIZ Inc. Common Stock,Consumer Discretionary,RUSSELL3000_APPROX
PLUG,Plug Power Inc. Common Stock,Energy,RUSSELL3000_APPROX
APAM,Artisan Partners Asset Management Inc. Class A Common Stock,Finance,RUSSELL3000_APPROX
CSQR,Csquare Inc. Common Stock,Technology,RUSSELL3000_APPROX
CWT,California Water Service Group Common Stock,Utilities,RUSSELL3000_APPROX
FRPT,Freshpet Inc. Common Stock,Consumer Staples,RUSSELL3000_APPROX
AEHR,Aehr Test Systems Common Stock,Industrials,RUSSELL3000_APPROX
LEU,Centrus Energy Corp. Class A Common Stock,Industrials,RUSSELL3000_APPROX
AMBA,Ambarella Inc. Ordinary Shares,Technology,RUSSELL3000_APPROX
LFTO,Liftoff Mobile Inc. Common Stock,Technology,RUSSELL3000_APPROX
BOH,Bank of Hawaii Corporation Common Stock,Finance,RUSSELL3000_APPROX
WOR,Worthington Enterprises Inc. Common Shares,Industrials,RUSSELL3000_APPROX
CHRN,ChronoScale Holdings Corporation Common Stock,Industrials,RUSSELL3000_APPROX
CWK,Cushman & Wakefield Ltd. Common Shares,Finance,RUSSELL3000_APPROX
BANC,Banc of California Inc. Common Stock,Finance,RUSSELL3000_APPROX
COLM,Columbia Sportswear Company Common Stock,Consumer Discretionary,RUSSELL3000_APPROX
SLDE,Slide Insurance Holdings Inc. Common Stock,Finance,RUSSELL3000_APPROX
GPK,Graphic Packaging Holding Company,Consumer Discretionary,RUSSELL3000_APPROX
EXTR,Extreme Networks Inc. Common Stock,Telecommunications,RUSSELL3000_APPROX
NVTS,Navitas Semiconductor Corporation Common Stock,Technology,RUSSELL3000_APPROX
SPSC,SPS Commerce Inc. Common Stock,Technology,RUSSELL3000_APPROX
ABM,ABM Industries Incorporated Common Stock,Consumer Discretionary,RUSSELL3000_APPROX
HGV,Hilton Grand Vacations Inc. Common Stock,Consumer Discretionary,RUSSELL3000_APPROX
RDW,Redwire Corporation Common Stock,Industrials,RUSSELL3000_APPROX
SOUN,SoundHound AI Inc Class A Common Stock,Technology,RUSSELL3000_APPROX
DNOW,DNOW Inc. Common Stock,Consumer Discretionary,RUSSELL3000_APPROX
AGYS,Agilysys Inc. Common Stock (DE),Technology,RUSSELL3000_APPROX
ARCB,ArcBest Corporation Common Stock,Industrials,RUSSELL3000_APPROX
GRBK,Green Brick Partners Inc. Common Stock,Consumer Discretionary,RUSSELL3000_APPROX
TALO,Talos Energy Inc. Common Stock,Energy,RUSSELL3000_APPROX
AVPT,AvePoint Inc. Class A Common Stock,Technology,RUSSELL3000_APPROX
DXPE,DXP Enterprises Inc. Common Stock,Industrials,RUSSELL3000_APPROX
NTCT,NetScout Systems Inc. Common Stock,Technology,RUSSELL3000_APPROX
GPOR,Gulfport Energy Corporation Common Shares,Energy,RUSSELL3000_APPROX
GRDN,Guardian Pharmacy Services Inc. Class A Common Stock,Consumer Staples,RUSSELL3000_APPROX
MGEE,MGE Energy Inc,Energy,RUSSELL3000_APPROX
BRZE,Braze Inc. Class A Common Stock,Technology,RUSSELL3000_APPROX
EROC,ERock Inc. Class A Common Stock,Energy,RUSSELL3000_APPROX
TR,Tootsie Roll Industries Inc. Common Stock,Consumer Staples,RUSSELL3000_APPROX
WING,Wingstop Inc. Common Stock,Consumer Discretionary,RUSSELL3000_APPROX
KD,Kyndryl Holdings Inc. Common Stock,Technology,RUSSELL3000_APPROX
WTTR,Select Water Solutions Inc. Class A common stock,Energy,RUSSELL3000_APPROX
PGEN,Precigen Inc. Common Stock,Health Care,RUSSELL3000_APPROX
BELFA,Bel Fuse Inc. Class A Common Stock,N/A,RUSSELL3000_APPROX
REZI,Resideo Technologies Inc. Common Stock,Industrials,RUSSELL3000_APPROX
AMBP,Ardagh Metal Packaging S.A. Ordinary Shares,Industrials,RUSSELL3000_APPROX
CDNA,CareDx Inc. Common Stock,Health Care,RUSSELL3000_APPROX
INTA,Intapp Inc. Common Stock,Technology,RUSSELL3000_APPROX
NEOG,Neogen Corporation Common Stock,Health Care,RUSSELL3000_APPROX
NVA,Nova Minerals Corp Common Stock,Basic Materials,RUSSELL3000_APPROX
ATRO,Astronics Corporation Common Stock,Industrials,RUSSELL3000_APPROX
TOWN,TowneBank Common Stock,Finance,RUSSELL3000_APPROX
BKD,Brookdale Senior Living Inc. Common Stock,Health Care,RUSSELL3000_APPROX
MZTI,The Marzetti Company Common Stock,Consumer Staples,RUSSELL3000_APPROX
HOG,Harley-Davidson Inc. Common Stock,Consumer Discretionary,RUSSELL3000_APPROX
DGII,Digi International Inc. Common Stock,Telecommunications,RUSSELL3000_APPROX
PPLI,People Incorporated Common Stock,Technology,RUSSELL3000_APPROX
ADEA,Adeia Inc. Common Stock,Telecommunications,RUSSELL3000_APPROX
POWI,Power Integrations Inc. Common Stock,Technology,RUSSELL3000_APPROX
HAYW,Hayward Holdings Inc. Common Stock,Industrials,RUSSELL3000_APPROX
APPN,Appian Corporation Class A Common Stock,Technology,RUSSELL3000_APPROX
MGRC,McGrath RentCorp Common Stock,Consumer Discretionary,RUSSELL3000_APPROX
TDC,Teradata Corporation Common Stock,Technology,RUSSELL3000_APPROX
IMNM,Immunome Inc. Common Stock,Health Care,RUSSELL3000_APPROX
TRMK,Trustmark Corporation Common Stock,Finance,RUSSELL3000_APPROX
FUL,H. B. Fuller Company Common Stock,Industrials,RUSSELL3000_APPROX
PENG,Penguin Solutions Inc. Common Stock,Technology,RUSSELL3000_APPROX
LCLN,Lincoln International Inc. Class A Common Stock,Finance,RUSSELL3000_APPROX
NOG,Northern Oil and Gas Inc. Common Stock,Energy,RUSSELL3000_APPROX
ACHC,Acadia Healthcare Company Inc. Common Stock,Health Care,RUSSELL3000_APPROX
MAN,ManpowerGroup Common Stock,Consumer Discretionary,RUSSELL3000_APPROX
KWR,Quaker Houghton Common Stock,Industrials,RUSSELL3000_APPROX
BHE,Benchmark Electronics Inc. Common Stock,Technology,RUSSELL3000_APPROX
FBK,FB Financial Corporation Common Stock,Finance,RUSSELL3000_APPROX
NBTB,NBT Bancorp Inc. Common Stock,Finance,RUSSELL3000_APPROX
ALRM,Alarm.com Holdings Inc. Common Stock,Technology,RUSSELL3000_APPROX
AXGN,Axogen Inc. Common Stock,Health Care,RUSSELL3000_APPROX
IRON,Disc Medicine Inc. Common Stock,Health Care,RUSSELL3000_APPROX
AKR,Acadia Realty Trust Common Stock,Real Estate,RUSSELL3000_APPROX
NRIX,Nurix Therapeutics Inc. Common stock,Health Care,RUSSELL3000_APPROX
HTO,H2O America Common Stock,Utilities,RUSSELL3000_APPROX
CALY,Callaway Golf Company Common Stock,Consumer Discretionary,RUSSELL3000_APPROX
ASST,Strive Inc. Class A Common Stock,Finance,RUSSELL3000_APPROX
BCC,Boise Cascade L.L.C. Common Stock,Consumer Discretionary,RUSSELL3000_APPROX
CUBI,Customers Bancorp Inc Common Stock,Finance,RUSSELL3000_APPROX
GCMG,GCM Grosvenor Inc. Class A Common Stock,Finance,RUSSELL3000_APPROX
GDV,Gabelli Dividend & Income Trust Common Shares of Beneficial Interest,Finance,RUSSELL3000_APPROX
VC,Visteon Corporation Common Stock,Consumer Discretionary,RUSSELL3000_APPROX
CXT,Crane NXT Co. Common Stock,Industrials,RUSSELL3000_APPROX
COHU,Cohu Inc. Common Stock,Industrials,RUSSELL3000_APPROX
BBT,Beacon Financial Corporation Common stock,Finance,RUSSELL3000_APPROX
FBNC,First Bancorp Common Stock,Finance,RUSSELL3000_APPROX
BANR,Banner Corporation Common Stock,Finance,RUSSELL3000_APPROX
FIVN,Five9 Inc. Common Stock,Technology,RUSSELL3000_APPROX
FRME,First Merchants Corporation Common Stock,Finance,RUSSELL3000_APPROX
PRVA,Privia Health Group Inc. Common Stock,Health Care,RUSSELL3000_APPROX
WDFC,WD-40 Company Common Stock,Industrials,RUSSELL3000_APPROX
NEO,NeoGenomics Inc. Common Stock,Health Care,RUSSELL3000_APPROX
BEAM,Beam Therapeutics Inc. Common Stock,Health Care,RUSSELL3000_APPROX
TTAM,Titan America SA Common Shares,Industrials,RUSSELL3000_APPROX
EEFT,Euronet Worldwide Inc. Common Stock,Finance,RUSSELL3000_APPROX
HWKN,Hawkins Inc. Common Stock,Consumer Discretionary,RUSSELL3000_APPROX
UE,Urban Edge Properties Common Shares of Beneficial Interest,Finance,RUSSELL3000_APPROX
AAP,Advance Auto Parts Inc.,Consumer Discretionary,RUSSELL3000_APPROX
KALU,Kaiser Aluminum Corporation Common Stock,Industrials,RUSSELL3000_APPROX
CENT,Central Garden & Pet Company Common Stock,Consumer Discretionary,RUSSELL3000_APPROX
VECO,Veeco Instruments Inc. Common Stock,Technology,RUSSELL3000_APPROX
OUST,Ouster Inc. Common Stock,Industrials,RUSSELL3000_APPROX
NN,NextNav Inc. Common Stock,Industrials,RUSSELL3000_APPROX
DCO,Ducommun Incorporated Common Stock,Industrials,RUSSELL3000_APPROX
SKWD,Skyward Specialty Insurance Group Inc. Common Stock,Finance,RUSSELL3000_APPROX
NMRK,Newmark Group Inc. Class A Common Stock,Finance,RUSSELL3000_APPROX
DRH,Diamondrock Hospitality Company Common Stock,Real Estate,RUSSELL3000_APPROX
HURN,Huron Consulting Group Inc. Common Stock,Consumer Discretionary,RUSSELL3000_APPROX
WLY,John Wiley & Sons Inc. Common Stock,Consumer Discretionary,RUSSELL3000_APPROX
EMAT,Evolution Metals & Technologies Corp. Common Stock,Miscellaneous,RUSSELL3000_APPROX
AEO,American Eagle Outfitters Inc. Common Stock,Consumer Discretionary,RUSSELL3000_APPROX
MH,McGraw Hill Inc. Common Stock,Consumer Discretionary,RUSSELL3000_APPROX
BRVE,Braveheart Bio Inc. Common Stock,Health Care,RUSSELL3000_APPROX
SUPN,Supernus Pharmaceuticals Inc. Common Stock,Health Care,RUSSELL3000_APPROX
LPG,Dorian LPG Ltd. Common Stock,Consumer Discretionary,RUSSELL3000_APPROX
BKV,BKV Corporation Common Stock,Energy,RUSSELL3000_APPROX
FCPT,Four Corners Property Trust Inc. Common Stock,Real Estate,RUSSELL3000_APPROX
BUSE,First Busey Corporation Class A Common Stock,Finance,RUSSELL3000_APPROX
HRMY,Harmony Biosciences Holdings Inc. Common Stock,Health Care,RUSSELL3000_APPROX
OPEN,Opendoor Technologies Inc Common Stock,Finance,RUSSELL3000_APPROX
VRDN,Viridian Therapeutics Inc. Common Stock,Health Care,RUSSELL3000_APPROX
ARR,ARMOUR Residential REIT Inc.,Real Estate,RUSSELL3000_APPROX
WLYB,John Wiley & Sons Inc. Common Stock,Consumer Discretionary,RUSSELL3000_APPROX
SYBT,Stock Yards Bancorp Inc. Common Stock,Finance,RUSSELL3000_APPROX
MLYS,Mineralys Therapeutics Inc. Common Stock,Health Care,RUSSELL3000_APPROX
VERA,Vera Therapeutics Inc. Class A Common Stock,Health Care,RUSSELL3000_APPROX
ANDE,Andersons Inc. (The) Common Stock,Industrials,RUSSELL3000_APPROX
AGM,Federal Agricultural Mortgage Corporation Common Stock,Finance,RUSSELL3000_APPROX
AMC,AMC Entertainment Holdings Inc. Class A Common Stock,Consumer Discretionary,RUSSELL3000_APPROX
DJT,Trump Media & Technology Group Corp. Common Stock,Technology,RUSSELL3000_APPROX
CLOV,Clover Health Investments Corp. Class A Common Stock,Health Care,RUSSELL3000_APPROX
UPST,Upstart Holdings Inc. Common stock,Finance,RUSSELL3000_APPROX
PAYO,Payoneer Global Inc. Common Stock,Consumer Discretionary,RUSSELL3000_APPROX
WAFD,WaFd Inc. Common Stock,Finance,RUSSELL3000_APPROX
PLUS,ePlus inc. Common Stock,Technology,RUSSELL3000_APPROX
RH,RH Common Stock,Consumer Discretionary,RUSSELL3000_APPROX
IVT,InvenTrust Properties Corp. Common Stock,Real Estate,RUSSELL3000_APPROX
VVX,V2X Inc. Common Stock,Consumer Discretionary,RUSSELL3000_APPROX
SHAK,Shake Shack Inc. Class A Common Stock,Consumer Discretionary,RUSSELL3000_APPROX
NWL,Newell Brands Inc. Common Stock,Industrials,RUSSELL3000_APPROX
BGR,BlackRock Energy and Resources Trust,Finance,RUSSELL3000_APPROX
MBIN,Merchants Bancorp Common Stock,Finance,RUSSELL3000_APPROX
PBI,Pitney Bowes Inc. Common Stock,Miscellaneous,RUSSELL3000_APPROX
SIND,Sinda Ltd. Common Stock,Basic Materials,RUSSELL3000_APPROX
SSMR,Sunshine Silver Mining & Refining Company Common Stock,Basic Materials,RUSSELL3000_APPROX
LTC,LTC Properties Inc. Common Stock,Real Estate,RUSSELL3000_APPROX
AMR,Alpha Metallurgical Resources Inc. Common Stock,Energy,RUSSELL3000_APPROX
PENN,PENN Entertainment Inc. Common Stock,Consumer Discretionary,RUSSELL3000_APPROX
NGVT,Ingevity Corporation Common Stock,Industrials,RUSSELL3000_APPROX
ROG,Rogers Corporation Common Stock,Industrials,RUSSELL3000_APPROX
HCI,HCI Group Inc. Common Stock,Finance,RUSSELL3000_APPROX
NKTR,Nektar Therapeutics  Common Stock,Health Care,RUSSELL3000_APPROX
SLS,SELLAS Life Sciences Group Inc. Common Stock,Health Care,RUSSELL3000_APPROX
LIFE,Ethos Technologies Inc. Class A Common Stock,Finance,RUSSELL3000_APPROX
ASAN,Asana Inc. Class A Common Stock,Technology,RUSSELL3000_APPROX
RAMP,LiveRamp Holdings Inc. Common Stock,Technology,RUSSELL3000_APPROX
IOSP,Innospec Inc. Common Stock,Industrials,RUSSELL3000_APPROX
KMT,Kennametal Inc. Common Stock,Industrials,RUSSELL3000_APPROX
BXMT,Blackstone Mortgage Trust Inc. Common Stock,Real Estate,RUSSELL3000_APPROX
PHIN,PHINIA Inc. Common Stock,Consumer Discretionary,RUSSELL3000_APPROX
STUB,StubHub Holdings Inc. Class A Common Stock,Consumer Discretionary,RUSSELL3000_APPROX
VIA,Via Transportation Inc. Class A Common Stock,Technology,RUSSELL3000_APPROX
VOYG,Voyager Technologies Inc. Class A Common Stock,Industrials,RUSSELL3000_APPROX
NCNO,nCino Inc. Common Stock,Technology,RUSSELL3000_APPROX
TRN,Trinity Industries Inc. Common Stock,Industrials,RUSSELL3000_APPROX
SDGR,Schrodinger Inc. Common Stock,Health Care,RUSSELL3000_APPROX
NWBI,Northwest Bancshares Inc. Common Stock,Finance,RUSSELL3000_APPROX
EFSC,Enterprise Financial Services Corporation Common Stock,Finance,RUSSELL3000_APPROX
PATK,Patrick Industries Inc. Common Stock,Consumer Discretionary,RUSSELL3000_APPROX
TRLV,Trulieve Cannabis Corp. Subordinate Voting Shares,Health Care,RUSSELL3000_APPROX
HLIO,Helios Technologies Inc. Common Stock,Industrials,RUSSELL3000_APPROX
OCUL,Ocular Therapeutix Inc. Common Stock,Health Care,RUSSELL3000_APPROX
PVLA,Palvella Therapeutics Inc. Common Stock,Health Care,RUSSELL3000_APPROX
BCRX,BioCryst Pharmaceuticals Inc. Common Stock,Health Care,RUSSELL3000_APPROX
ALMR,Alamar Biosciences Inc. Common Stock,Industrials,RUSSELL3000_APPROX
LASR,nLIGHT Inc. Common Stock,Technology,RUSSELL3000_APPROX
HTH,Hilltop Holdings Inc.,Finance,RUSSELL3000_APPROX
CALX,Calix Inc Common Stock,Consumer Discretionary,RUSSELL3000_APPROX
ADUS,Addus HomeCare Corporation Common Stock,Health Care,RUSSELL3000_APPROX
PBH,Prestige Consumer Healthcare Inc. Common Stock,Health Care,RUSSELL3000_APPROX
MCRI,Monarch Casino & Resort Inc. Common Stock,Consumer Discretionary,RUSSELL3000_APPROX
GENB,Generate Biomedicines Inc. Common Stock,Health Care,RUSSELL3000_APPROX
AADX,Applied Aerospace & Defense Inc. Common Stock,Industrials,RUSSELL3000_APPROX
CENTA,Central Garden & Pet Company Class A Common Stock Nonvoting,Consumer Discretionary,RUSSELL3000_APPROX
SRPT,Sarepta Therapeutics Inc. Common Stock (DE),Health Care,RUSSELL3000_APPROX
CNXN,PC Connection Inc. Common Stock,Consumer Discretionary,RUSSELL3000_APPROX
CC,Chemours Company (The) Common Stock,Industrials,RUSSELL3000_APPROX
FIGS,FIGS Inc. Class A Common Stock,Consumer Discretionary,RUSSELL3000_APPROX
TRVI,Trevi Therapeutics Inc. Common Stock,Health Care,RUSSELL3000_APPROX
COTY,Coty Inc. Class A Common Stock,Consumer Discretionary,RUSSELL3000_APPROX
ALGT,Allegiant Travel Company Common Stock,Consumer Discretionary,RUSSELL3000_APPROX
FLYW,Flywire Corporation Voting Common Stock,Consumer Discretionary,RUSSELL3000_APPROX
DBD,Diebold Nixdorf Incorporated Common stock,Miscellaneous,RUSSELL3000_APPROX
WERN,Werner Enterprises Inc. Common Stock,Industrials,RUSSELL3000_APPROX
WHR,Whirlpool Corporation Common Stock,Consumer Discretionary,RUSSELL3000_APPROX
PTON,Peloton Interactive Inc. Class A Common Stock,Consumer Discretionary,RUSSELL3000_APPROX
MPT,Medical Properties Trust Inc. common stock,Real Estate,RUSSELL3000_APPROX
FCF,First Commonwealth Financial Corporation Common Stock,Finance,RUSSELL3000_APPROX
MTX,Minerals Technologies Inc. Common Stock,Basic Materials,RUSSELL3000_APPROX
UAA,Under Armour Inc. Class A Common Stock,Consumer Discretionary,RUSSELL3000_APPROX
UFPT,UFP Technologies Inc. Common Stock,Health Care,RUSSELL3000_APPROX
NUVB,Nuvation Bio Inc. Class A Common Stock,Health Care,RUSSELL3000_APPROX
ECPG,Encore Capital Group Inc Common Stock,Finance,RUSSELL3000_APPROX
BFLY,Butterfly Network Inc. Class A Common Stock,Health Care,RUSSELL3000_APPROX
PRCH,Porch Group Inc. Common Stock,Technology,RUSSELL3000_APPROX
INSP,Inspire Medical Systems Inc. Common Stock,Health Care,RUSSELL3000_APPROX
LCII,LCI Industries,Consumer Discretionary,RUSSELL3000_APPROX
RUN,Sunrun Inc. Common Stock,Miscellaneous,RUSSELL3000_APPROX
BHVN,Biohaven Ltd. Common Shares,Health Care,RUSSELL3000_APPROX
DV,DoubleVerify Holdings Inc. Common Stock,Technology,RUSSELL3000_APPROX
SAH,Sonic Automotive Inc. Common Stock,Consumer Discretionary,RUSSELL3000_APPROX
ZBIO,Zenas BioPharma Inc. Common Stock,Health Care,RUSSELL3000_APPROX
UA,Under Armour Inc. Class C Common Stock,Consumer Discretionary,RUSSELL3000_APPROX
BKE,Buckle Inc. (The) Common Stock,Consumer Discretionary,RUSSELL3000_APPROX
PGNY,Progyny Inc. Common Stock,Health Care,RUSSELL3000_APPROX
MD,Pediatrix Medical Group Inc. Common Stock,Health Care,RUSSELL3000_APPROX
TH,Target Hospitality Corp. Common Stock,Consumer Discretionary,RUSSELL3000_APPROX
PRLB,Proto Labs Inc. Common stock,Industrials,RUSSELL3000_APPROX
TBBK,The Bancorp Inc Common Stock,Finance,RUSSELL3000_APPROX
SRCE,1st Source Corporation Common Stock,Finance,RUSSELL3000_APPROX
KOD,Kodiak Sciences Inc Common Stock,Health Care,RUSSELL3000_APPROX
BTX,BlackRock Technology and Private Equity Term Trust Common Shares of Beneficial Interest,N/A,RUSSELL3000_APPROX
GNL,Global Net Lease Inc. Common Stock,Real Estate,RUSSELL3000_APPROX
UTZ,Utz Brands Inc Class A Common Stock,Consumer Staples,RUSSELL3000_APPROX
ALG,Alamo Group Inc. Common Stock,Industrials,RUSSELL3000_APPROX
SHO,Sunstone Hotel Investors Inc. Sunstone Hotel Investors Inc. Common Shares,Consumer Discretionary,RUSSELL3000_APPROX
VCEL,Vericel Corporation Common Stock,Health Care,RUSSELL3000_APPROX
NWN,Northwest Natural Holding Company Common Stock,Utilities,RUSSELL3000_APPROX
PRDO,Perdoceo Education Corporation Common Stock,Real Estate,RUSSELL3000_APPROX
HUBG,Hub Group Inc. Class A Common Stock,Industrials,RUSSELL3000_APPROX
INVX,Innovex International Inc. Common Stock,Consumer Discretionary,RUSSELL3000_APPROX
WU,Western Union Company (The) Common Stock,Consumer Discretionary,RUSSELL3000_APPROX
MFP,Midera Food Processing Inc. Common Stock,Industrials,RUSSELL3000_APPROX
SHAZ,SharonAI Holdings Inc. Class A Common Stock,Technology,RUSSELL3000_APPROX
PEB,Pebblebrook Hotel Trust Common Shares of Beneficial Interest,Real Estate,RUSSELL3000_APPROX
ZD,Ziff Davis Inc. Common Stock,Telecommunications,RUSSELL3000_APPROX
UWMC,UWM Holdings Corporation Class A Common Stock,Finance,RUSSELL3000_APPROX
DRVN,Driven Brands Holdings Inc. Common Stock,Consumer Discretionary,RUSSELL3000_APPROX
PLPC,Preformed Line Products Company Common Stock,Industrials,RUSSELL3000_APPROX
RAPP,Rapport Therapeutics Inc. Common Stock,Health Care,RUSSELL3000_APPROX
CHCO,City Holding Company Common Stock,Finance,RUSSELL3000_APPROX
AGIO,Agios Pharmaceuticals Inc. Common Stock,Health Care,RUSSELL3000_APPROX
ALKT,Alkami Technology Inc. Common Stock,Technology,RUSSELL3000_APPROX
ADMA,ADMA Biologics Inc Common Stock,Health Care,RUSSELL3000_APPROX
HYMC,Hycroft Mining Holding Corporation Class A Common Stock,Basic Materials,RUSSELL3000_APPROX
SPB,Spectrum Brands Holdings Inc. Common Stock,Miscellaneous,RUSSELL3000_APPROX
STC,Stewart Information Services Corporation Common Stock,Finance,RUSSELL3000_APPROX
VERX,Vertex Inc. Class A Common Stock,Technology,RUSSELL3000_APPROX
TILE,Interface Inc. Common Stock,Consumer Discretionary,RUSSELL3000_APPROX
ICHR,Ichor Holdings Ordinary Shares,Technology,RUSSELL3000_APPROX
DHC,Diversified Healthcare Trust Common Shares of Beneficial Interest,Real Estate,RUSSELL3000_APPROX
BLKB,Blackbaud Inc. Common Stock,Technology,RUSSELL3000_APPROX
HMN,Horace Mann Educators Corporation Common Stock,Finance,RUSSELL3000_APPROX
BXDC,Blackstone Digital Infrastructure Trust Inc. Common Stock,Finance,RUSSELL3000_APPROX
KYN,Kayne Anderson Energy Infrastructure Fund Inc.,Finance,RUSSELL3000_APPROX
TIC,TIC Solutions Inc. Common Stock,Consumer Discretionary,RUSSELL3000_APPROX
INOD,Innodata Inc. Common Stock,Technology,RUSSELL3000_APPROX
ATEN,A10 Networks Inc. Common Stock,Telecommunications,RUSSELL3000_APPROX
STDN,Standard Nuclear Inc. Class A Common Stock,Basic Materials,RUSSELL3000_APPROX
LIME,Neutron Holdings Inc. Common Stock,Technology,RUSSELL3000_APPROX
ZYME,Zymeworks Inc. Common Stock,Health Care,RUSSELL3000_APPROX
EZPW,EZCORP Inc. Class A Non Voting Common Stock,Consumer Discretionary,RUSSELL3000_APPROX
OLN,Olin Corporation Common Stock,Industrials,RUSSELL3000_APPROX
CTRI,Centuri Holdings Inc. Common Stock,Utilities,RUSSELL3000_APPROX
FTRE,Fortrea Holdings Inc. Common Stock,Health Care,RUSSELL3000_APPROX
BLBD,Blue Bird Corporation Common Stock,Consumer Discretionary,RUSSELL3000_APPROX
COAG,Hemab Therapeutics Holdings Inc. Common Stock,Health Care,RUSSELL3000_APPROX
BOBS,Bob's Discount Furniture Inc. Common Stock,Consumer Discretionary,RUSSELL3000_APPROX
QUBT,Quantum Computing Inc. Common Stock,Technology,RUSSELL3000_APPROX
NSP,Insperity Inc. Common Stock,Consumer Discretionary,RUSSELL3000_APPROX
HOS,Hornbeck Offshore Services Inc. Common Stock,Energy,RUSSELL3000_APPROX
GRC,Gorman-Rupp Company (The) Common Stock,Industrials,RUSSELL3000_APPROX
AVEX,AEVEX Corp. Class A Common Stock,Industrials,RUSSELL3000_APPROX
SONO,Sonos Inc. Common Stock,Consumer Staples,RUSSELL3000_APPROX
GCT,GigaCloud Technology Inc Class A Ordinary Shares,Consumer Discretionary,RUSSELL3000_APPROX
RXRX,Recursion Pharmaceuticals Inc. Class A Common Stock,Health Care,RUSSELL3000_APPROX
GSHD,Goosehead Insurance Inc. Class A Common Stock,Finance,RUSSELL3000_APPROX
KSS,Kohl's Corporation Common Stock,Consumer Discretionary,RUSSELL3000_APPROX
MRVI,Maravai LifeSciences Holdings Inc. Class A Common Stock,Health Care,RUSSELL3000_APPROX
RVT,Royce Small-Cap Trust Inc. Common Stock,Finance,RUSSELL3000_APPROX
TY,Tri Continental Corporation Common Stock,Finance,RUSSELL3000_APPROX
PRGO,Perrigo Company plc Ordinary Shares,Health Care,RUSSELL3000_APPROX
XRAY,DENTSPLY SIRONA Inc. Common Stock,Health Care,RUSSELL3000_APPROX
STOK,Stoke Therapeutics Inc. Common Stock,Health Care,RUSSELL3000_APPROX
HAPN,Happen Inc. Common Stock,Finance,RUSSELL3000_APPROX
NEXT,NextDecade Corporation Common Stock,Utilities,RUSSELL3000_APPROX
SNDA,Sonida Senior Living Inc. Common Stock,Health Care,RUSSELL3000_APPROX
GTY,Getty Realty Corporation Common Stock,Finance,RUSSELL3000_APPROX
NTST,NetSTREIT Corp. Common Stock,Real Estate,RUSSELL3000_APPROX
GABC,German American Bancorp Inc. Common Stock,Finance,RUSSELL3000_APPROX
VIR,Vir Biotechnology Inc. Common Stock,Health Care,RUSSELL3000_APPROX
PDFS,PDF Solutions Inc. Common Stock,Technology,RUSSELL3000_APPROX
SEPN,Septerna Inc. Common Stock,Health Care,RUSSELL3000_APPROX
FLOC,Flowco Holdings Inc. Class A Common Stock,Consumer Discretionary,RUSSELL3000_APPROX
RBCAA,Republic Bancorp Inc. Class A Common Stock,Finance,RUSSELL3000_APPROX
FSUN,FirstSun Capital Bancorp Common Stock,Finance,RUSSELL3000_APPROX
WKC,World Kinect Corporation Common Stock,Energy,RUSSELL3000_APPROX
NBHC,National Bank Holdings Corporation Common Stock,Finance,RUSSELL3000_APPROX
VSTS,Vestis Corporation Common Stock,Consumer Discretionary,RUSSELL3000_APPROX
XNCR,Xencor Inc. Common Stock,Health Care,RUSSELL3000_APPROX
DXC,DXC Technology Company Common Stock,Technology,RUSSELL3000_APPROX
MIY,Blackrock MuniYield Michigan Quality Fund Inc. Common Stock,Finance,RUSSELL3000_APPROX
EPAC,Enerpac Tool Group Corp. Common Stock,Technology,RUSSELL3000_APPROX
LIND,Lindblad Expeditions Holdings Inc. Common Stock,Consumer Discretionary,RUSSELL3000_APPROX
LMAT,LeMaitre Vascular Inc. Common Stock,Health Care,RUSSELL3000_APPROX
SMA,SmartStop Self Storage REIT Inc. Common Stock,Real Estate,RUSSELL3000_APPROX
ALHC,Alignment Healthcare Inc. Common Stock,Health Care,RUSSELL3000_APPROX
BLFS,BioLife Solutions Inc. Common Stock,Health Care,RUSSELL3000_APPROX
WMK,Weis Markets Inc. Common Stock,Consumer Staples,RUSSELL3000_APPROX
SBET,Sharplink Inc. Common Stock,Technology,RUSSELL3000_APPROX
DCOM,Dime Commercial Bancshares Inc. Common Stock,Finance,RUSSELL3000_APPROX
STRA,Strategic Education Inc. Common Stock,Real Estate,RUSSELL3000_APPROX
HOPE,Hope Bancorp Inc. Common Stock,Finance,RUSSELL3000_APPROX
ACVA,ACV Auctions Inc. Class A Common Stock,Consumer Discretionary,RUSSELL3000_APPROX
AFGB,American Financial Group Inc. 5.875% Subordinated Debentures due 2059,Finance,RUSSELL3000_APPROX
LOB,Live Oak Bancshares Inc. Common Stock,Finance,RUSSELL3000_APPROX
SAM,Boston Beer Company Inc. (The) Common Stock,Consumer Staples,RUSSELL3000_APPROX
FLNG,FLEX LNG Ltd. Ordinary Shares,Consumer Discretionary,RUSSELL3000_APPROX
MUJ,Blackrock MuniHoldings New Jersey Quality Fund Inc. Common Stock,Finance,RUSSELL3000_APPROX
OCFC,OceanFirst Financial Corp. Common Stock,Finance,RUSSELL3000_APPROX
FRNM,Freenome Inc. Common stock,Health Care,RUSSELL3000_APPROX
STBA,S&T Bancorp Inc. Common Stock,Finance,RUSSELL3000_APPROX
SGRY,Surgery Partners Inc. Common Stock,Health Care,RUSSELL3000_APPROX
AFGD,American Financial Group Inc. 5.625% Subordinated Debentures due 2060,Finance,RUSSELL3000_APPROX
HE,Hawaiian Electric Industries Inc. Common Stock,Utilities,RUSSELL3000_APPROX
TSLX,Sixth Street Specialty Lending Inc. Common Stock,Finance,RUSSELL3000_APPROX
PSNL,Personalis Inc. Common Stock,Health Care,RUSSELL3000_APPROX
AI,C3.ai Inc. Class A Common Stock,Technology,RUSSELL3000_APPROX
ANIP,ANI Pharmaceuticals Inc.,Health Care,RUSSELL3000_APPROX
CNXC,Concentrix Corporation Common Stock,Technology,RUSSELL3000_APPROX
AMPL,Amplitude Inc. Class A Common Stock,Technology,RUSSELL3000_APPROX
DEI,Douglas Emmett Inc. Common Stock,Real Estate,RUSSELL3000_APPROX
WS,Worthington Steel Inc. Common Shares,Industrials,RUSSELL3000_APPROX
NTLA,Intellia Therapeutics Inc. Common Stock,Health Care,RUSSELL3000_APPROX
IDT,IDT Corporation Class B Common Stock,Telecommunications,RUSSELL3000_APPROX
TCBK,TriCo Bancshares Common Stock,Finance,RUSSELL3000_APPROX
PGY,Pagaya Technologies Ltd. Class A Ordinary Shares,Finance,RUSSELL3000_APPROX
CNOB,ConnectOne Bancorp Inc. Common Stock,Finance,RUSSELL3000_APPROX
TRIN,Trinity Capital Inc. Common Stock,Finance,RUSSELL3000_APPROX
AIN,Albany International Corporation Common Stock,Consumer Discretionary,RUSSELL3000_APPROX
ASTH,Astrana Health Inc. Common Stock,Consumer Discretionary,RUSSELL3000_APPROX
BY,Byline Bancorp Inc. Common Stock,Finance,RUSSELL3000_APPROX
BDJ,Blackrock Enhanced Equity Dividend Trust,Finance,RUSSELL3000_APPROX
HAWK,HawkEye 360 Inc. Common Stock,Technology,RUSSELL3000_APPROX
LCID,Lucid Group Inc. Common Stock,Industrials,RUSSELL3000_APPROX
BFC,Bank First Corporation Common Stock,Finance,RUSSELL3000_APPROX
ALNT,Allient Inc. Common Stock,Industrials,RUSSELL3000_APPROX
PLAB,Photronics Inc. Common Stock,Technology,RUSSELL3000_APPROX
TSHA,Taysha Gene Therapies Inc. Common Stock,Health Care,RUSSELL3000_APPROX
TYRA,Tyra Biosciences Inc. Common Stock,Health Care,RUSSELL3000_APPROX
JBLU,JetBlue Airways Corporation Common Stock,Consumer Discretionary,RUSSELL3000_APPROX
LILAK,Liberty Latin America Ltd. Class C Common Stock,Telecommunications,RUSSELL3000_APPROX
AESI,Atlas Energy Solutions Inc. Common Stock,Industrials,RUSSELL3000_APPROX
RZC,Reinsurance Group of America Incorporated 7.125% Fixed-Rate Reset Subordinated Debentures due 2052,Finance,RUSSELL3000_APPROX
PRGS,Progress Software Corporation Common Stock (DE),Technology,RUSSELL3000_APPROX
KLRA,Kailera Therapeutics Inc. Common Stock,Health Care,RUSSELL3000_APPROX
LILA,Liberty Latin America Ltd. Class A Common Stock,Telecommunications,RUSSELL3000_APPROX
CBL,CBL & Associates Properties Inc. Common Stock,Real Estate,RUSSELL3000_APPROX
RLJ,RLJ Lodging Trust Common Shares of Beneficial Interest $0.01 par value,Real Estate,RUSSELL3000_APPROX
OBK,Origin Bancorp Inc. Common Stock,Finance,RUSSELL3000_APPROX
BL,BlackLine Inc. Common Stock,Technology,RUSSELL3000_APPROX
QCRH,QCR Holdings Inc. Common Stock,Finance,RUSSELL3000_APPROX
NVAX,Novavax Inc. Common Stock,Health Care,RUSSELL3000_APPROX
MQ,Marqeta Inc. Class A Common Stock,Technology,RUSSELL3000_APPROX
CTS,CTS Corporation Common Stock,Technology,RUSSELL3000_APPROX
ADIG,ADI Global Distribution Inc. Common Stock,Industrials,RUSSELL3000_APPROX
ETON,Eton Pharmaceuticals Inc. Common Stock,Health Care,RUSSELL3000_APPROX
ANAB,AnaptysBio Inc. Common Stock,Health Care,RUSSELL3000_APPROX
GLOB,Globant S.A. Common Shares,Technology,RUSSELL3000_APPROX
XHR,Xenia Hotels & Resorts Inc. Common Stock,Consumer Discretionary,RUSSELL3000_APPROX
BAND,Bandwidth Inc. Class A Common Stock,Technology,RUSSELL3000_APPROX
PBT,Permian Basin Royalty Trust Common Stock,Energy,RUSSELL3000_APPROX
EFC,Ellington Financial Inc. Common Stock,Finance,RUSSELL3000_APPROX
MHD,Blackrock MuniHoldings Fund Inc. Common Stock,Finance,RUSSELL3000_APPROX
DSGR,Distribution Solutions Group Inc. Common Stock,Consumer Discretionary,RUSSELL3000_APPROX
CASH,Pathward Financial Inc. Common Stock,Finance,RUSSELL3000_APPROX
HUN,Huntsman Corporation Common Stock,Industrials,RUSSELL3000_APPROX
ABSI,Absci Corporation Common Stock,Health Care,RUSSELL3000_APPROX
ATEC,Alphatec Holdings Inc. Common Stock,Health Care,RUSSELL3000_APPROX
WWW,Wolverine World Wide Inc. Common Stock,Consumer Discretionary,RUSSELL3000_APPROX
LTGO,Latigo Biotherapeutics Inc. Common Stock,Health Care,RUSSELL3000_APPROX
FRMEP,First Merchants Corporation Depository Shares,Finance,RUSSELL3000_APPROX
KMPR,Kemper Corporation,Finance,RUSSELL3000_APPROX
SNDX,Syndax Pharmaceuticals Inc. Common Stock,Health Care,RUSSELL3000_APPROX
GAB,Gabelli Equity Trust Inc. (The) Common Stock,Finance,RUSSELL3000_APPROX
WLTH,Wealthfront Corporation Common Stock,Finance,RUSSELL3000_APPROX
IMKTA,Ingles Markets Incorporated Class A Common Stock,Consumer Staples,RUSSELL3000_APPROX
FRA,Blackrock Floating Rate Income Strategies Fund Inc  Common Stock,Finance,RUSSELL3000_APPROX
OXLC,Oxford Lane Capital Corp. Common Stock,Finance,RUSSELL3000_APPROX
MQY,Blackrock MuniYield Quality Fund Inc. Common Stock,Finance,RUSSELL3000_APPROX
KARD,Kardigan Inc. Common Stock,Health Care,RUSSELL3000_APPROX
GAM,General American Investors Inc. Common Stock,Finance,RUSSELL3000_APPROX
LYNX,Lyntris Inc. Common Stock,Industrials,RUSSELL3000_APPROX
IIPR,Innovative Industrial Properties Inc. Common Stock,Finance,RUSSELL3000_APPROX
ICFI,ICF International Inc. Common Stock,Consumer Discretionary,RUSSELL3000_APPROX
BCAT,BlackRock Capital Allocation Term Trust Common Shares of Beneficial Interest,Finance,RUSSELL3000_APPROX
ECAT,BlackRock ESG Capital Allocation Term Trust Common Shares of Beneficial Interest,Finance,RUSSELL3000_APPROX
ITG,ITG Inc. Class A Common Stock,Industrials,RUSSELL3000_APPROX
INBX,Inhibrx Biosciences Inc. Common Stock,Health Care,RUSSELL3000_APPROX
RQI,Cohen & Steers Quality Income Realty Fund Inc Common Shares,Finance,RUSSELL3000_APPROX
GIC,Global Industrial Company Common Stock,Industrials,RUSSELL3000_APPROX
INVA,Innoviva Inc. Common Stock,Health Care,RUSSELL3000_APPROX
SAFT,Safety Insurance Group Inc. Common Stock,Finance,RUSSELL3000_APPROX
MUC,Blackrock MuniHoldings California Quality Fund Inc.  Common Stock,Finance,RUSSELL3000_APPROX
ATEX,Anterix Inc. Common Stock,Telecommunications,RUSSELL3000_APPROX
AFGC,American Financial Group Inc. 5.125% Subordinated Debentures due 2059,Finance,RUSSELL3000_APPROX
MYI,Blackrock MuniYield Quality Fund III Inc Common Stock,Finance,RUSSELL3000_APPROX
ARDT,Ardent Health Inc. Common Stock,Health Care,RUSSELL3000_APPROX
AMBQ,Ambiq Micro Inc. Common Stock,Technology,RUSSELL3000_APPROX
CDNL,Cardinal Infrastructure Group Inc. Class A Common Stock,Industrials,RUSSELL3000_APPROX
TFIN,Triumph Financial Inc. Common Stock,Finance,RUSSELL3000_APPROX
AGL,agilon health inc. Common Stock,Health Care,RUSSELL3000_APPROX
ESQ,Esquire Financial Holdings Inc. Common Stock,Finance,RUSSELL3000_APPROX
BCAX,Bicara Therapeutics Inc. Common Stock,Health Care,RUSSELL3000_APPROX
XZO,Exzeo Group Inc. Common Stock,Technology,RUSSELL3000_APPROX
CSWC,Capital Southwest Corporation Common Stock,Consumer Discretionary,RUSSELL3000_APPROX
ENR,Energizer Holdings Inc. Common Stock,Miscellaneous,RUSSELL3000_APPROX
OMCL,Omnicell Inc. Common Stock ($0.001 par value),Technology,RUSSELL3000_APPROX
XERS,Xeris Biopharma Holdings Inc. Common Stock,Health Care,RUSSELL3000_APPROX
VISN,Vistance Networks Inc. Common Stock,Technology,RUSSELL3000_APPROX
RVLV,Revolve Group Inc. Class A Common Stock,Consumer Discretionary,RUSSELL3000_APPROX
GT,The Goodyear Tire & Rubber Company Common Stock,Consumer Discretionary,RUSSELL3000_APPROX
LKFN,Lakeland Financial Corporation Common Stock,Finance,RUSSELL3000_APPROX
AVLN,Avalyn Pharma Inc. Common Stock,Health Care,RUSSELL3000_APPROX
SBH,Sally Beauty Holdings Inc. (Name to be changed from Sally Holdings Inc.) Common Stock,Consumer Discretionary,RUSSELL3000_APPROX
HCSG,Healthcare Services Group Inc. Common Stock,Health Care,RUSSELL3000_APPROX
TWFG,TWFG Inc. Class A Common Stock,Finance,RUSSELL3000_APPROX
AZTA,Azenta Inc.,Technology,RUSSELL3000_APPROX
JJSF,J & J Snack Foods Corp. Common Stock,Consumer Staples,RUSSELL3000_APPROX
NUTX,Nutex Health Inc. Common Stock,Consumer Discretionary,RUSSELL3000_APPROX
SLVM,Sylvamo Corporation Common Stock,Basic Materials,RUSSELL3000_APPROX
CRSR,Corsair Gaming Inc. Common Stock,Technology,RUSSELL3000_APPROX
INNV,InnovAge Holding Corp. Common Stock,Health Care,RUSSELL3000_APPROX
SECZ,Securitize Corp. Common Stock,Finance,RUSSELL3000_APPROX
BKT,BlackRock Income Trust Inc. (The),Finance,RUSSELL3000_APPROX
MLKN,MillerKnoll Inc. Common Stock,Consumer Discretionary,RUSSELL3000_APPROX
MUA,Blackrock MuniAssets Fund Inc Common Stock,Finance,RUSSELL3000_APPROX
DCH,Dauch Corporation Common Stock,Consumer Discretionary,RUSSELL3000_APPROX
KMTS,Kestra Medical Technologies Ltd. Common Stock,Health Care,RUSSELL3000_APPROX
EOSE,Eos Energy Enterprises Inc. Class A Common Stock,Miscellaneous,RUSSELL3000_APPROX
NRP,Natural Resource Partners LP Limited Partnership,Energy,RUSSELL3000_APPROX
KMPB,Kemper Corporation 5.875% Fixed-Rate Reset Junior Subordinated Debentures due 2062,Finance,RUSSELL3000_APPROX
ATLC,Atlanticus Holdings Corporation Common Stock,Finance,RUSSELL3000_APPROX
NCV,Virtus Convertible & Income Fund Common Shares of Beneficial Interest,Finance,RUSSELL3000_APPROX
ARLO,Arlo Technologies Inc. Common Stock,Consumer Discretionary,RUSSELL3000_APPROX
RARE,Ultragenyx Pharmaceutical Inc. Common Stock,Health Care,RUSSELL3000_APPROX
SCL,Stepan Company Common Stock,Consumer Discretionary,RUSSELL3000_APPROX
SVV,Savers Value Village Inc. Common Stock,Consumer Discretionary,RUSSELL3000_APPROX
ADNT,Adient plc Ordinary Shares,Consumer Discretionary,RUSSELL3000_APPROX
PRG,PROG Holdings Inc. Common Stock,Consumer Discretionary,RUSSELL3000_APPROX
BHRB,Burke & Herbert Financial Services Corp. Common Stock,Finance,RUSSELL3000_APPROX
PEBO,Peoples Bancorp Inc. Common Stock,Finance,RUSSELL3000_APPROX
REX,REX American Resources Corporation,Industrials,RUSSELL3000_APPROX
FCEL,FuelCell Energy Inc. Common Stock,Energy,RUSSELL3000_APPROX
FLNC,Fluence Energy Inc. Class A Common Stock,Miscellaneous,RUSSELL3000_APPROX
AMSC,American Superconductor Corporation Common Stock,Consumer Discretionary,RUSSELL3000_APPROX
TMP,Tompkins Financial Corporation Common Stock,Finance,RUSSELL3000_APPROX
AMAL,Amalgamated Financial Corp. Common Stock (DE),Finance,RUSSELL3000_APPROX
WBTN,WEBTOON Entertainment Inc. Common stock,Consumer Discretionary,RUSSELL3000_APPROX
TRAX,First Tracks Biotherapeutics Inc. Ordinary Shares,Health Care,RUSSELL3000_APPROX
PAHC,Phibro Animal Health Corporation Class A Common Stock,Health Care,RUSSELL3000_APPROX
AVBP,ArriVent BioPharma Inc. Common Stock,Health Care,RUSSELL3000_APPROX
PNTG,The Pennant Group Inc. Common Stock,Health Care,RUSSELL3000_APPROX
HLMN,Hillman Solutions Corp. Common Stock,Consumer Discretionary,RUSSELL3000_APPROX
WABC,Westamerica Bancorporation Common Stock,Finance,RUSSELL3000_APPROX
AMPX,Amprius Technologies Inc. Common Stock,Miscellaneous,RUSSELL3000_APPROX
TRS,TriMas Corporation Common Stock,Industrials,RUSSELL3000_APPROX
CNMD,CONMED Corporation Common Stock,Health Care,RUSSELL3000_APPROX
TPB,Turning Point Brands Inc. Common Stock,Consumer Discretionary,RUSSELL3000_APPROX
YSWY,Yesway Inc. Class A Common Stock,Consumer Staples,RUSSELL3000_APPROX
CGEM,Cullinan Therapeutics Inc. Common Stock,Health Care,RUSSELL3000_APPROX
GOLD,Gold.com Inc. Common Stock,Industrials,RUSSELL3000_APPROX
BBAI,BigBear.ai Inc. Common Stock,Technology,RUSSELL3000_APPROX
COUR,Coursera Inc. Common Stock,Technology,RUSSELL3000_APPROX
LBRX,LB Pharmaceuticals Inc Common Stock,Health Care,RUSSELL3000_APPROX
AAT,American Assets Trust Inc. Common Stock,Real Estate,RUSSELL3000_APPROX
EVCM,EverCommerce Inc. Common Stock,Technology,RUSSELL3000_APPROX
UMH,UMH Properties Inc. Common Stock,Real Estate,RUSSELL3000_APPROX
ULCC,Frontier Group Holdings Inc. Common Stock,Consumer Discretionary,RUSSELL3000_APPROX
LQDT,Liquidity Services Inc. Common Stock,Consumer Discretionary,RUSSELL3000_APPROX
AFGE,American Financial Group Inc. 4.500% Subordinated Debentures due 2060,Finance,RUSSELL3000_APPROX
EFOR,Everforth Inc. Common Stock,Consumer Discretionary,RUSSELL3000_APPROX
ASIC,Ategrity Specialty Insurance Company Holdings Common Stock,Finance,RUSSELL3000_APPROX
TBN,Tamboran Resources Corporation Common stock,Energy,RUSSELL3000_APPROX
AMN,AMN Healthcare Services Inc,Consumer Discretionary,RUSSELL3000_APPROX
OMER,Omeros Corporation Common Stock,Health Care,RUSSELL3000_APPROX
PRSU,Pursuit Attractions and Hospitality Inc. Common Stock,Consumer Discretionary,RUSSELL3000_APPROX
ORIC,Oric Pharmaceuticals Inc. Common Stock,Health Care,RUSSELL3000_APPROX
EYE,National Vision Holdings Inc. Common Stock,Health Care,RUSSELL3000_APPROX
FOR,Forestar Group Inc Common Stock,Finance,RUSSELL3000_APPROX
FMBH,First Mid Bancshares Inc. Common Stock,Finance,RUSSELL3000_APPROX
MBC,MasterBrand Inc. Common Stock,Consumer Discretionary,RUSSELL3000_APPROX
WEN,Wendy's Company (The) Common Stock,Consumer Discretionary,RUSSELL3000_APPROX
APPS,Digital Turbine Inc. Common Stock,Miscellaneous,RUSSELL3000_APPROX
BRUN,Boost Run Inc. Class A Common Stock,Technology,RUSSELL3000_APPROX
NMAX,Newsmax Inc. Class B Common Stock,Industrials,RUSSELL3000_APPROX
WD,Walker & Dunlop Inc Common Stock,Finance,RUSSELL3000_APPROX
GBX,Greenbrier Companies Inc. (The) Common Stock,Industrials,RUSSELL3000_APPROX
RES,RPC Inc. Common Stock,Energy,RUSSELL3000_APPROX
HBT,HBT Financial Inc. Common Stock,Finance,RUSSELL3000_APPROX
CERT,Certara Inc. Common Stock,Technology,RUSSELL3000_APPROX
CXM,Sprinklr Inc. Class A Common Stock,Technology,RUSSELL3000_APPROX
ROCK,Gibraltar Industries Inc. Common Stock,Industrials,RUSSELL3000_APPROX
MAZE,Maze Therapeutics Inc. Common Stock,Health Care,RUSSELL3000_APPROX
VOR,Vor Biopharma Inc. Common Stock,Health Care,RUSSELL3000_APPROX
FLO,Flowers Foods Inc. Common Stock,Consumer Staples,RUSSELL3000_APPROX
SHLS,Shoals Technologies Group Inc. Class A Common Stock,Technology,RUSSELL3000_APPROX
NSSC,NAPCO Security Technologies Inc. Common Stock,Telecommunications,RUSSELL3000_APPROX
PUMP,ProPetro Holding Corp. Common Stock,Energy,RUSSELL3000_APPROX
RYZ,Ryerson Holding Corporation Common Stock,Industrials,RUSSELL3000_APPROX
FUN,Six Flags Entertainment Corporation Common Stock New,Consumer Discretionary,RUSSELL3000_APPROX
FMC,FMC Corporation Common Stock,Industrials,RUSSELL3000_APPROX
BJRI,BJ's Restaurants Inc. Common Stock,Consumer Discretionary,RUSSELL3000_APPROX
SENEB,Seneca Foods Corp. Class B Common Stock,Consumer Staples,RUSSELL3000_APPROX
AKTS,Aktis Oncology Inc. Common stock,Health Care,RUSSELL3000_APPROX
ODC,Oil-Dri Corporation Of America Common Stock,Consumer Discretionary,RUSSELL3000_APPROX
OSBC,Old Second Bancorp Inc. Common Stock,Finance,RUSSELL3000_APPROX
ALX,Alexander's Inc. Common Stock,Real Estate,RUSSELL3000_APPROX
AMRC,Ameresco Inc. Class A Common Stock,Consumer Discretionary,RUSSELL3000_APPROX
WOLF,Wolfspeed Inc. Common Stock New,Technology,RUSSELL3000_APPROX
EPC,Edgewell Personal Care Company Common Stock,Consumer Discretionary,RUSSELL3000_APPROX
MGTX,MeiraGTx Holdings plc Ordinary Shares,Health Care,RUSSELL3000_APPROX
SENEA,Seneca Foods Corp. Class A Common Stock,Consumer Staples,RUSSELL3000_APPROX
PWP,Perella Weinberg Partners Class A Common Stock,Finance,RUSSELL3000_APPROX
HROW,Harrow Inc. Common Stock,Health Care,RUSSELL3000_APPROX
USPH,U.S. Physical Therapy Inc. Common Stock,Health Care,RUSSELL3000_APPROX
RDVT,Red Violet Inc. Common Stock,Technology,RUSSELL3000_APPROX
UVE,UNIVERSAL INSURANCE HOLDINGS INC Common Stock,Finance,RUSSELL3000_APPROX
SLSR,Solaris Resources Inc. Common Shares,N/A,RUSSELL3000_APPROX
VTOL,Bristow Group Inc. Common Stock,Consumer Discretionary,RUSSELL3000_APPROX
GNK,Genco Shipping & Trading Limited Ordinary Shares New (Marshall Islands),Consumer Discretionary,RUSSELL3000_APPROX
XPEL,XPEL Inc. Common Stock,Industrials,RUSSELL3000_APPROX
OPY,Oppenheimer Holdings Inc. Class A Common Stock (DE),Finance,RUSSELL3000_APPROX
WLDN,Willdan Group Inc. Common Stock,Consumer Discretionary,RUSSELL3000_APPROX
ANRO,Alto Neuroscience Inc. Common Stock,Health Care,RUSSELL3000_APPROX
ORC,Orchid Island Capital Inc. Common Stock,Real Estate,RUSSELL3000_APPROX
OMDA,Omada Health Inc. Common Stock,Health Care,RUSSELL3000_APPROX
REPL,Replimune Group Inc. Common Stock,Health Care,RUSSELL3000_APPROX
CCO,Clear Channel Outdoor Holdings Inc. Common Stock,Consumer Discretionary,RUSSELL3000_APPROX
LADR,Ladder Capital Corp Class A Common Stock,Real Estate,RUSSELL3000_APPROX
OPK,OPKO Health Inc. Common Stock,Health Care,RUSSELL3000_APPROX
YSS,York Space Systems Inc. Common Stock,Industrials,RUSSELL3000_APPROX
CLBK,Columbia Financial Inc. Common Stock,Finance,RUSSELL3000_APPROX
TNDM,Tandem Diabetes Care Inc. Common Stock,Health Care,RUSSELL3000_APPROX
HLIT,Harmonic Inc. Common Stock,Technology,RUSSELL3000_APPROX
CRCT,Cricut Inc. Class A Common Stock,Technology,RUSSELL3000_APPROX
CNL,Collective Mining Ltd. Common Shares,N/A,RUSSELL3000_APPROX
UMAC,Unusual Machines Inc. Common Stock,Technology,RUSSELL3000_APPROX
LNN,Lindsay Corporation Common Stock,Industrials,RUSSELL3000_APPROX
GIII,G-III Apparel Group LTD. Common Stock,Consumer Discretionary,RUSSELL3000_APPROX
LZB,La-Z-Boy Incorporated Common Stock,Consumer Discretionary,RUSSELL3000_APPROX
MYE,Myers Industries Inc. Common Stock,Industrials,RUSSELL3000_APPROX
NHP,National Healthcare Properties Inc. Class A Common Stock,Real Estate,RUSSELL3000_APPROX
DFIN,Donnelley Financial Solutions Inc. Common Stock,Consumer Discretionary,RUSSELL3000_APPROX
PSEC,Prospect Capital Corporation Common Stock,Finance,RUSSELL3000_APPROX
JCAP,Jefferson Capital Inc. Common Stock,Finance,RUSSELL3000_APPROX
IART,Integra LifeSciences Holdings Corporation Common Stock,Health Care,RUSSELL3000_APPROX
UVSP,Univest Financial Corporation Common Stock,Finance,RUSSELL3000_APPROX
PDM,Piedmont Realty Trust Inc. Class A Common Stock,Real Estate,RUSSELL3000_APPROX
GTM,ZoomInfo Technologies Inc Common Stock,Technology,RUSSELL3000_APPROX
APMD,Apnimed Inc. Common Stock,Health Care,RUSSELL3000_APPROX
SPTX,Seaport Therapeutics Inc. Common Stock,Health Care,RUSSELL3000_APPROX
ECVT,Ecovyst Inc. Common Stock,Industrials,RUSSELL3000_APPROX
AORT,Artivion Inc. Common Stock,Health Care,RUSSELL3000_APPROX
SCSC,ScanSource Inc. Common Stock,Technology,RUSSELL3000_APPROX
GDRX,GoodRx Holdings Inc. Class A Common Stock,Technology,RUSSELL3000_APPROX
AMTB,Amerant Bancorp Inc. Class A Common Stock,Finance,RUSSELL3000_APPROX
WLFC,Willis Lease Finance Corporation Common Stock,Consumer Discretionary,RUSSELL3000_APPROX
THRM,Gentherm Inc Common Stock,Consumer Discretionary,RUSSELL3000_APPROX
HZO,MarineMax Inc.  (FL) Common Stock,Consumer Discretionary,RUSSELL3000_APPROX
MMI,Marcus & Millichap Inc. Common Stock,Finance,RUSSELL3000_APPROX
GO,Grocery Outlet Holding Corp. Common Stock,Consumer Staples,RUSSELL3000_APPROX
MNKD,MannKind Corporation Common Stock,Health Care,RUSSELL3000_APPROX
REAL,The RealReal Inc. Common Stock,Consumer Discretionary,RUSSELL3000_APPROX
HFWA,Heritage Financial Corporation Common Stock,Finance,RUSSELL3000_APPROX
UTI,Universal Technical Institute Inc Common Stock,Real Estate,RUSSELL3000_APPROX
PCT,PureCycle Technologies Inc. Common stock,Industrials,RUSSELL3000_APPROX
LGIH,LGI Homes Inc. Common Stock,Consumer Discretionary,RUSSELL3000_APPROX
TDOC,Teladoc Health Inc. Common Stock,Health Care,RUSSELL3000_APPROX
PD,PagerDuty Inc. Common Stock,Technology,RUSSELL3000_APPROX
TNC,Tennant Company Common Stock,Industrials,RUSSELL3000_APPROX
SPH,Suburban Propane Partners L.P. Common Stock,Consumer Discretionary,RUSSELL3000_APPROX
NCZ,Virtus Convertible & Income Fund II Common Shares of Beneficial Interest,Finance,RUSSELL3000_APPROX
GSBD,Goldman Sachs BDC Inc. Common Stock,Finance,RUSSELL3000_APPROX
TRUP,Trupanion Inc. Common Stock,Health Care,RUSSELL3000_APPROX
CSTL,Castle Biosciences Inc. Common Stock,Health Care,RUSSELL3000_APPROX
CDRE,Cadre Holdings Inc. Common Stock,Health Care,RUSSELL3000_APPROX
ODTX,Odyssey Therapeutics Inc. Common Stock,Health Care,RUSSELL3000_APPROX
PRCT,PROCEPT BioRobotics Corporation Common Stock,Health Care,RUSSELL3000_APPROX
SVRA,Savara Inc. Common Stock,Health Care,RUSSELL3000_APPROX
BOW,Bowhead Specialty Holdings Inc. Common Stock,Finance,RUSSELL3000_APPROX
OCSL,Oaktree Specialty Lending Corporation Common Stock,Finance,RUSSELL3000_APPROX
CFFN,Capitol Federal Financial Inc. Common Stock,Finance,RUSSELL3000_APPROX
FTK,Flotek Industries Inc. Common Stock,Industrials,RUSSELL3000_APPROX
LMRI,Lumexa Imaging Holdings Inc. Common Stock,Health Care,RUSSELL3000_APPROX
MRTN,Marten Transport Ltd. Common Stock,Industrials,RUSSELL3000_APPROX
DEA,Easterly Government Properties Inc. Common Stock,Real Estate,RUSSELL3000_APPROX
UVV,Universal Corporation Common Stock,Industrials,RUSSELL3000_APPROX
HSLV,Highlander Silver Corp. Common Shares,N/A,RUSSELL3000_APPROX
MCB,Metropolitan Bank Holding Corp. Common Stock,Finance,RUSSELL3000_APPROX
YELP,Yelp Inc. Common Stock,Consumer Discretionary,RUSSELL3000_APPROX
AIP,Arteris Inc. Common Stock,Technology,RUSSELL3000_APPROX
FSBC,Five Star Bancorp Common Stock,Finance,RUSSELL3000_APPROX
DLX,Deluxe Corporation Common Stock,Consumer Discretionary,RUSSELL3000_APPROX
AVO,Mission Produce Inc. Common Stock,Consumer Staples,RUSSELL3000_APPROX
BW,Babcock & Wilcox Enterprises Inc. Common Stock,Industrials,RUSSELL3000_APPROX
JBIO,Jade Biosciences Inc. Common Stock,Health Care,RUSSELL3000_APPROX
CRI,Carter's Inc. Common Stock,Consumer Discretionary,RUSSELL3000_APPROX
NPK,National Presto Industries Inc. Common Stock,Industrials,RUSSELL3000_APPROX
RCAT,Red Cat Holdings Inc. Common Stock,Technology,RUSSELL3000_APPROX
NPKI,NPK International Inc. Common Stock,Industrials,RUSSELL3000_APPROX
FUBO,FuboTV Inc. Class A Common Stock,Consumer Discretionary,RUSSELL3000_APPROX
OBX,Obsidian Therapeutics Inc. Common Stock,Health Care,RUSSELL3000_APPROX
ARHS,Arhaus Inc. Class A Common Stock,Consumer Discretionary,RUSSELL3000_APPROX
GLUE,Monte Rosa Therapeutics Inc. Common Stock,Health Care,RUSSELL3000_APPROX
NBN,Northeast Bank Common Stock,Finance,RUSSELL3000_APPROX
SBR,Sabine Royalty Trust Common Stock,Energy,RUSSELL3000_APPROX
DEC,Diversified Energy Company Common Stock,N/A,RUSSELL3000_APPROX
STAA,STAAR Surgical Company Common Stock,Health Care,RUSSELL3000_APPROX
ASA,ASA  Gold and Precious Metals Limited,Industrials,RUSSELL3000_APPROX
UPWK,Upwork Inc. Common Stock,Technology,RUSSELL3000_APPROX
AEVA,Aeva Technologies Inc. Common Stock,Consumer Discretionary,RUSSELL3000_APPROX
BST,BlackRock Science and Technology Trust Common Shares of Beneficial Interest,Finance,RUSSELL3000_APPROX
BVS,Bioventus Inc. Class A Common Stock,Health Care,RUSSELL3000_APPROX
DFH,Dream Finders Homes Inc. Class A Common Stock,Consumer Discretionary,RUSSELL3000_APPROX
BCX,BlackRock Resources Common Shares of Beneficial Interest,Finance,RUSSELL3000_APPROX
BRBR,BellRing Brands Inc. Common Stock,Consumer Staples,RUSSELL3000_APPROX
MSEX,Middlesex Water Company Common Stock,Utilities,RUSSELL3000_APPROX
WINA,Winmark Corporation Common Stock,Consumer Discretionary,RUSSELL3000_APPROX
IRMD,iRadimed Corporation Common Stock,Health Care,RUSSELL3000_APPROX
GPRE,Green Plains Inc. Common Stock,Industrials,RUSSELL3000_APPROX
CRVS,Corvus Pharmaceuticals Inc. Common Stock,Health Care,RUSSELL3000_APPROX
HPK,HighPeak Energy Inc. Common Stock,Energy,RUSSELL3000_APPROX
HRTG,Heritage Insurance Holdings Inc. Common Stock,Finance,RUSSELL3000_APPROX
MLTX,MoonLake Immunotherapeutics Class A Ordinary Shares,Health Care,RUSSELL3000_APPROX
PSIX,Power Solutions International Inc. Common Stock,Industrials,RUSSELL3000_APPROX
DSL,DoubleLine Income Solutions Fund Common Shares of Beneficial Interests,Finance,RUSSELL3000_APPROX
AEF,abrdn Emerging Markets ex-China Fund Inc. Common Stock,Finance,RUSSELL3000_APPROX
CRAI,CRA International Inc. Common Stock,Consumer Discretionary,RUSSELL3000_APPROX
MBWM,Mercantile Bank Corporation Common Stock,Finance,RUSSELL3000_APPROX
KURA,Kura Oncology Inc. Common Stock,Health Care,RUSSELL3000_APPROX
BTZ,BlackRock Credit Allocation Income Trust,Finance,RUSSELL3000_APPROX
LZ,LegalZoom.com Inc. Common Stock,Technology,RUSSELL3000_APPROX
TRIP,TripAdvisor Inc. Common Stock,Technology,RUSSELL3000_APPROX
ATTO,Attovia Therapeutics Inc. Common Stock,Health Care,RUSSELL3000_APPROX
JANX,Janux Therapeutics Inc. Common Stock,Health Care,RUSSELL3000_APPROX
UPBD,Upbound Group Inc. Common Stock,Consumer Discretionary,RUSSELL3000_APPROX
ENOV,Enovis Corporation Common Stock,Health Care,RUSSELL3000_APPROX
HQH,abrdn Healthcare Investors Shares of Beneficial Interest,Finance,RUSSELL3000_APPROX
AMPH,Amphastar Pharmaceuticals Inc. Common Stock,Health Care,RUSSELL3000_APPROX
ALMS,Alumis Inc. Common Stock,Health Care,RUSSELL3000_APPROX
EQBK,Equity Bancshares Inc. Class A Common Stock,Finance,RUSSELL3000_APPROX
CCNE,CNB Financial Corporation Common Stock,Finance,RUSSELL3000_APPROX
PSUS,Pershing Square USA Ltd. Common Shares,N/A,RUSSELL3000_APPROX
QNST,QuinStreet Inc. Common Stock,Consumer Discretionary,RUSSELL3000_APPROX
KRT,Karat Packaging Inc. Common Stock,Industrials,RUSSELL3000_APPROX
BFST,Business First Bancshares Inc. Common Stock,Finance,RUSSELL3000_APPROX
CMP,Compass Minerals Intl Inc Common Stock,Industrials,RUSSELL3000_APPROX
MCBS,MetroCity Bankshares Inc. Common Stock,Finance,RUSSELL3000_APPROX
HBNC,Horizon Bancorp Inc. Common Stock,Finance,RUSSELL3000_APPROX
RXT,Rackspace Technology Inc. Common Stock,Technology,RUSSELL3000_APPROX
NBBK,NB Bancorp Inc. Common Stock,Finance,RUSSELL3000_APPROX
NWPX,NWPX Infrastructure Inc. Common Stock,Industrials,RUSSELL3000_APPROX
BXBL,BOXABL Inc. Common stock,Consumer Discretionary,RUSSELL3000_APPROX
SBGI,Sinclair Inc. Class A Common Stock,Industrials,RUSSELL3000_APPROX
QMCO,Quantum Corporation Common Stock,Technology,RUSSELL3000_APPROX
GHM,Graham Corporation Common Stock,Industrials,RUSSELL3000_APPROX
SGP,SpyGlass Pharma Inc. Common Stock,Health Care,RUSSELL3000_APPROX
RMIX,Suncrete Inc. Class A Common Stock,Industrials,RUSSELL3000_APPROX
CBRL,Cracker Barrel Old Country Store Inc Common Stock,Consumer Discretionary,RUSSELL3000_APPROX
PCRX,Pacira BioSciences Inc. Common Stock,Health Care,RUSSELL3000_APPROX
GLIBA,Liberty Capital Corporation Series A GCI Group Common Stock,Telecommunications,RUSSELL3000_APPROX
CAC,Camden National Corporation Common Stock,Finance,RUSSELL3000_APPROX
IBTA,Ibotta Inc. Class A Common Stock,Consumer Discretionary,RUSSELL3000_APPROX
GLIBK,Liberty Capital Corporation Series C GCI Group Common Stock,Telecommunications,RUSSELL3000_APPROX
BBNX,Beta Bionics Inc. Common Stock,Health Care,RUSSELL3000_APPROX
CPF,Central Pacific Financial Corp New,Finance,RUSSELL3000_APPROX
SAFE,Safehold Inc. New Common Stock,Real Estate,RUSSELL3000_APPROX
REPX,Riley Exploration Permian Inc. Common Stock,Energy,RUSSELL3000_APPROX
CBLL,CeriBell Inc. Common Stock,Health Care,RUSSELL3000_APPROX
NXDR,Nextdoor Holdings Inc. Class A Common Stock,Technology,RUSSELL3000_APPROX
PXED,Phoenix Education Partners Inc. Common Stock,Real Estate,RUSSELL3000_APPROX
VYX,NCR Voyix Corporation Common Stock,Miscellaneous,RUSSELL3000_APPROX
TRST,TrustCo Bank Corp NY Common Stock,Finance,RUSSELL3000_APPROX
HAFC,Hanmi Financial Corporation Common Stock,Finance,RUSSELL3000_APPROX
CSR,D/B/A Centerspace Common Stock,Real Estate,RUSSELL3000_APPROX
KODK,Eastman Kodak Company Common New,Consumer Discretionary,RUSSELL3000_APPROX
OI,O-I Glass Inc. Common Stock,Consumer Discretionary,RUSSELL3000_APPROX
SLDB,Solid Biosciences Inc. Common Stock,Health Care,RUSSELL3000_APPROX
KRO,Kronos Worldwide Inc Common Stock,Basic Materials,RUSSELL3000_APPROX
FEIM,Frequency Electronics Inc. Common Stock,Industrials,RUSSELL3000_APPROX
FET,Forum Energy Technologies Inc. Common Stock,Consumer Discretionary,RUSSELL3000_APPROX
ASTE,Astec Industries Inc. Common Stock,Industrials,RUSSELL3000_APPROX
NX,Quanex Building Products Corporation Common Stock,Industrials,RUSSELL3000_APPROX
SBSI,Southside Bancshares Inc. Common Stock,Finance,RUSSELL3000_APPROX
SABR,Sabre Corporation Common Stock,Technology,RUSSELL3000_APPROX
BBDC,Barings BDC Inc. Common Stock,Finance,RUSSELL3000_APPROX
MPB,Mid Penn Bancorp Common Stock,Finance,RUSSELL3000_APPROX
BKSY,BlackSky Technology Inc. Class A Common Stock,Technology,RUSSELL3000_APPROX
PDX,PIMCO Dynamic Income Strategy Fund Common Shares of Beneficial Interest,Finance,RUSSELL3000_APPROX
ACEL,Accel Entertainment Inc.,Consumer Discretionary,RUSSELL3000_APPROX
SANA,Sana Biotechnology Inc. Common Stock,Health Care,RUSSELL3000_APPROX
TDAY,USA TODAY Co. Inc. Common Stock,Consumer Discretionary,RUSSELL3000_APPROX
FMNB,Farmers National Banc Corp. Common Stock,Finance,RUSSELL3000_APPROX
KFRC,Kforce Inc. Common Stock,Consumer Discretionary,RUSSELL3000_APPROX
NAVI,Navient Corporation Common Stock,Finance,RUSSELL3000_APPROX
RHLD,Resolute Holdings Management Common Stock,Finance,RUSSELL3000_APPROX
HTLD,Heartland Express Inc. Common Stock,Industrials,RUSSELL3000_APPROX
ACDC,ProFrac Holding Corp. Class A Common Stock,Energy,RUSSELL3000_APPROX
CIM,Chimera Investment Corporation Common Stock,Real Estate,RUSSELL3000_APPROX
PLOW,Douglas Dynamics Inc. Common Stock,Industrials,RUSSELL3000_APPROX
DJCO,Daily Journal Corp. (S.C.) Common Stock,Consumer Discretionary,RUSSELL3000_APPROX
THFF,First Financial Corporation Common Stock,Finance,RUSSELL3000_APPROX
ANGX,Angel Studios Inc. Class A Common Stock,Consumer Discretionary,RUSSELL3000_APPROX
EVLV,Evolv Technologies Holdings Inc. Class A Common Stock,Technology,RUSSELL3000_APPROX
NNE,Nano Nuclear Energy Inc. Common Stock,Utilities,RUSSELL3000_APPROX
TTI,Tetra Technologies Inc. Common Stock,Energy,RUSSELL3000_APPROX
IMMX,Immix Biopharma Inc. Common Stock,Health Care,RUSSELL3000_APPROX
FMN,Federated Hermes Premier Municipal Income Fund,Finance,RUSSELL3000_APPROX
FTH,Faeth Therapeutics Inc. Common Stock,Health Care,RUSSELL3000_APPROX
LXRX,Lexicon Pharmaceuticals Inc. Common Stock,Health Care,RUSSELL3000_APPROX
REF,Reformation Inc. Common Stock,Consumer Discretionary,RUSSELL3000_APPROX
HSHP,Himalaya Shipping Ltd. Common Shares,Consumer Discretionary,RUSSELL3000_APPROX
AVTX,Avalo Therapeutics Inc. Common Stock,Health Care,RUSSELL3000_APPROX
HSTM,HealthStream Inc. Common Stock,Technology,RUSSELL3000_APPROX
BZH,Beazer Homes USA Inc. Common Stock,Consumer Discretionary,RUSSELL3000_APPROX
SMPL,The Simply Good Foods Company Common Stock,Consumer Staples,RUSSELL3000_APPROX
SMBK,SmartFinancial Inc. Common Stock,Finance,RUSSELL3000_APPROX
ABX,Abacus Global Management Inc. Class A Common Stock,Finance,RUSSELL3000_APPROX
EIG,Employers Holdings Inc Common Stock,Finance,RUSSELL3000_APPROX
KOPN,Kopin Corporation Common Stock,Technology,RUSSELL3000_APPROX
RPC,Ridgepost Capital Inc. Class A Common Stock,Finance,RUSSELL3000_APPROX
KBDC,Kayne Anderson BDC Inc. Common Stock,N/A,RUSSELL3000_APPROX
KOP,Koppers Holdings Inc. Common Stock,Basic Materials,RUSSELL3000_APPROX
BUR,Burford Capital Limited Ordinary Shares,Finance,RUSSELL3000_APPROX
CADL,Candel Therapeutics Inc. Common Stock,Health Care,RUSSELL3000_APPROX
OLMA,Olema Pharmaceuticals Inc. Common Stock,Health Care,RUSSELL3000_APPROX
GSBC,Great Southern Bancorp Inc. Common Stock,Finance,RUSSELL3000_APPROX
CVLG,Covenant Logistics Group Inc. Class A Common Stock,Industrials,RUSSELL3000_APPROX
MCS,Marcus Corporation (The) Common Stock,Consumer Discretionary,RUSSELL3000_APPROX
WRLD,World Acceptance Corporation Common Stock,Finance,RUSSELL3000_APPROX
EGBN,Eagle Bancorp Inc. Common Stock,Finance,RUSSELL3000_APPROX
MFA,MFA Financial Inc.,Real Estate,RUSSELL3000_APPROX
CCBG,Capital City Bank Group Common Stock,Finance,RUSSELL3000_APPROX
RSKD,Riskified Ltd. Class A Ordinary Shares,Consumer Discretionary,RUSSELL3000_APPROX
RIGL,Rigel Pharmaceuticals Inc. Common Stock,Health Care,RUSSELL3000_APPROX
BLZE,Backblaze Inc. Class A Common Stock,Technology,RUSSELL3000_APPROX
JBGS,JBG SMITH Properties Common Shares,Real Estate,RUSSELL3000_APPROX
SVC,Service Properties Trust Common Shares of Beneficial Interest,Real Estate,RUSSELL3000_APPROX
VRTS,Virtus Investment Partners Inc. Common Stock,Finance,RUSSELL3000_APPROX
CYRX,CryoPort Inc. Common Stock,Health Care,RUSSELL3000_APPROX
GERN,Geron Corporation Common Stock,Health Care,RUSSELL3000_APPROX
MNTN,MNTN Inc. Class A Common Stock,Consumer Discretionary,RUSSELL3000_APPROX
HIPO,Hippo Holdings Inc. Common Stock,Finance,RUSSELL3000_APPROX
ARDX,Ardelyx Inc. Common Stock,Health Care,RUSSELL3000_APPROX
CEVA,CEVA Inc. Common Stock,Technology,RUSSELL3000_APPROX
HMH,HMH Holding Inc. Class A Common Stock,Consumer Discretionary,RUSSELL3000_APPROX
DAKT,Daktronics Inc. Common Stock,Consumer Discretionary,RUSSELL3000_APPROX
MTAL,Metals Acquisition Corp. II Class A Ordinary Shares,Basic Materials,RUSSELL3000_APPROX
RPD,Rapid7 Inc. Common Stock,Technology,RUSSELL3000_APPROX
ABR,Arbor Realty Trust Common Stock,Real Estate,RUSSELL3000_APPROX
SOC,Sable Offshore Corp. Common Stock,Energy,RUSSELL3000_APPROX
CODI,D/B/A Compass Diversified Holdings Shares of Beneficial Interest,Consumer Discretionary,RUSSELL3000_APPROX
FBYD,Falcon's Beyond Global Inc. Class A Common Stock,Consumer Discretionary,RUSSELL3000_APPROX
SMP,Standard Motor Products Inc. Common Stock,Consumer Discretionary,RUSSELL3000_APPROX
ARI,Apollo Commercial Real Estate Finance Inc,Real Estate,RUSSELL3000_APPROX
VPG,Vishay Precision Group Inc. Common Stock,Technology,RUSSELL3000_APPROX
SPFI,South Plains Financial Inc. Common Stock,Finance,RUSSELL3000_APPROX
SKYH,Sky Harbour Group Corporation Class A Common Stock,Finance,RUSSELL3000_APPROX
ORRF,Orrstown Financial Services Inc. Common Stock,Finance,RUSSELL3000_APPROX
BH,Biglari Holdings Inc. Class B Common Stock,Consumer Discretionary,RUSSELL3000_APPROX
AVR,Anteris Technologies Global Corp. Common Stock,Health Care,RUSSELL3000_APPROX
INR,Infinity Natural Resources Inc. Class A Common Stock,Energy,RUSSELL3000_APPROX
SXC,SunCoke Energy Inc. Common Stock,Industrials,RUSSELL3000_APPROX
ALRS,Alerus Financial Corporation Common Stock,Finance,RUSSELL3000_APPROX
DC,Dakota Gold Corp. Common Stock,Basic Materials,RUSSELL3000_APPROX
FOXF,Fox Factory Holding Corp. Common Stock,Consumer Discretionary,RUSSELL3000_APPROX
SG,Sweetgreen Inc. Class A Common Stock,Consumer Discretionary,RUSSELL3000_APPROX
ACHV,Achieve Life Sciences Inc. Common Shares,Health Care,RUSSELL3000_APPROX
LXU,LSB Industries Inc. Common Stock,Basic Materials,RUSSELL3000_APPROX
BLSM,BlossomHill Therapeutics Inc. Common Stock,Health Care,RUSSELL3000_APPROX
APEI,American Public Education Inc. Common Stock,Real Estate,RUSSELL3000_APPROX
FDMT,4D Molecular Therapeutics Inc. Common Stock,Health Care,RUSSELL3000_APPROX
RJET,Republic Airways Holdings Inc. Common Stock,Consumer Discretionary,RUSSELL3000_APPROX
ADAM,Adamas Trust Inc. Common Stock,Real Estate,RUSSELL3000_APPROX
SIBN,SI-BONE Inc. Common Stock,Health Care,RUSSELL3000_APPROX
CLYM,Climb Bio Inc. Common Stock,Health Care,RUSSELL3000_APPROX
EVER,EverQuote Inc. Class A Common Stock,Technology,RUSSELL3000_APPROX
BBSI,Barrett Business Services Inc. Common Stock,Consumer Discretionary,RUSSELL3000_APPROX
LINC,Lincoln Educational Services Corporation Common Stock,Real Estate,RUSSELL3000_APPROX
PGC,Peapack-Gladstone Financial Corporation Common Stock,Finance,RUSSELL3000_APPROX
IBCP,Independent Bank Corporation Common Stock,Finance,RUSSELL3000_APPROX
MTUS,Metallus Inc. Common Shares,Industrials,RUSSELL3000_APPROX
FISI,Financial Institutions Inc. Common Stock,Finance,RUSSELL3000_APPROX
DSGN,Design Therapeutics Inc. Common Stock,Health Care,RUSSELL3000_APPROX
GYRE,Gyre Therapeutics Inc. Common Stock,Health Care,RUSSELL3000_APPROX
TRNS,Transcat Inc. Common Stock,Industrials,RUSSELL3000_APPROX
CGBD,Carlyle Secured Lending Inc. Common Stock,Finance,RUSSELL3000_APPROX
QVCG,QVC Group Inc. Common Stock,Consumer Discretionary,RUSSELL3000_APPROX
SMBC,Southern Missouri Bancorp Inc. Common Stock,Finance,RUSSELL3000_APPROX
ACRS,Aclaris Therapeutics Inc. Common Stock,Health Care,RUSSELL3000_APPROX
KELYB,Kelly Services Inc. Class B Common Stock,Consumer Discretionary,RUSSELL3000_APPROX
BTGO,BitGo Holdings Inc. Class A Common Stock,Finance,RUSSELL3000_APPROX
ANNX,Annexon Inc. Common Stock,Health Care,RUSSELL3000_APPROX
PUBM,PubMatic Inc. Class A Common Stock,Technology,RUSSELL3000_APPROX
JBSS,John B. Sanfilippo & Son Inc. Common Stock,Consumer Staples,RUSSELL3000_APPROX
MTW,Manitowoc Company Inc. (The) Common Stock,Industrials,RUSSELL3000_APPROX
HTB,HomeTrust Bancshares Inc. Common Stock,Finance,RUSSELL3000_APPROX
ROOT,Root Inc. Class A Common Stock,Finance,RUSSELL3000_APPROX
APOG,Apogee Enterprises Inc. Common Stock,Consumer Discretionary,RUSSELL3000_APPROX
AHCO,AdaptHealth Corp. Common Stock,Health Care,RUSSELL3000_APPROX
MITK,Mitek Systems Inc. Common Stock,Technology,RUSSELL3000_APPROX
VREX,Varex Imaging Corporation Common Stock,Technology,RUSSELL3000_APPROX
KPLT,Katapult Holdings Inc. Common Stock,Consumer Discretionary,RUSSELL3000_APPROX
PMT,PennyMac Mortgage Investment Trust Common Shares of Beneficial Interest,Real Estate,RUSSELL3000_APPROX
DGICB,Donegal Group Inc. Class B Common Stock,Finance,RUSSELL3000_APPROX
ASC,Ardmore Shipping Corporation Common Stock,Consumer Discretionary,RUSSELL3000_APPROX
PRAA,PRA Group Inc. Common Stock,Finance,RUSSELL3000_APPROX
LWLG,Lightwave Logic Inc. Common Stock,Industrials,RUSSELL3000_APPROX
SHBI,Shore Bancshares Inc Common Stock,Finance,RUSSELL3000_APPROX
NRGV,Energy Vault Holdings Inc. Common Stock,Miscellaneous,RUSSELL3000_APPROX
KDK,Kodiak AI Inc. Common Stock,Technology,RUSSELL3000_APPROX
GRPN,Groupon Inc. Common Stock,Consumer Discretionary,RUSSELL3000_APPROX
CTO,CTO Realty Growth Inc. Common Stock,Real Estate,RUSSELL3000_APPROX
WGO,Winnebago Industries Inc. Common Stock,Industrials,RUSSELL3000_APPROX
QDEL,QuidelOrtho Corporation Common Stock,Health Care,RUSSELL3000_APPROX
MFIC,MidCap Financial Investment Corporation Common Stock,Finance,RUSSELL3000_APPROX
WEST,Westrock Coffee Company Common Stock,Consumer Staples,RUSSELL3000_APPROX
NABL,N-able Inc. Common Stock,Technology,RUSSELL3000_APPROX
LYTS,LSI Industries Inc. Common Stock,Consumer Discretionary,RUSSELL3000_APPROX
WHK,WhiteHawk Minerals Corp Class A Common Stock,Energy,RUSSELL3000_APPROX
RCBC,River City Bank Common stock,Finance,RUSSELL3000_APPROX
WASH,Washington Trust Bancorp Inc. Common Stock,Finance,RUSSELL3000_APPROX
GDOT,Green Dot Corporation Class A Common Stock $0.001 par value,Finance,RUSSELL3000_APPROX
BFS,Saul Centers Inc. Common Stock,Real Estate,RUSSELL3000_APPROX
LUCK,Lucky Strike Entertainment Corporation Class A Common Stock,Consumer Discretionary,RUSSELL3000_APPROX
VTS,Vitesse Energy Inc. Common Stock,Energy,RUSSELL3000_APPROX
TASK,TaskUs Inc. Class A Common Stock,Technology,RUSSELL3000_APPROX
MOV,Movado Group Inc. Common Stock,Consumer Discretionary,RUSSELL3000_APPROX
FDUS,Fidus Investment Corporation Common Stock,Finance,RUSSELL3000_APPROX
TCBX,Third Coast Bancshares Inc. Common Stock,Finance,RUSSELL3000_APPROX
BWMN,Bowman Consulting Group Ltd. Common Stock,Consumer Discretionary,RUSSELL3000_APPROX
PSTL,Postal Realty Trust Inc. Class A Common Stock,Real Estate,RUSSELL3000_APPROX
SWIM,Latham Group Inc. Common Stock,Industrials,RUSSELL3000_APPROX
MPLT,MapLight Therapeutics Inc. Common Stock,Health Care,RUSSELL3000_APPROX
BCSF,Bain Capital Specialty Finance Inc. Common Stock,Finance,RUSSELL3000_APPROX
FPH,Five Point Holdings LLC Class A Common Shares,Finance,RUSSELL3000_APPROX
HYLN,Hyliion Holdings Corp. Class A Common Stock,Consumer Discretionary,RUSSELL3000_APPROX
COLL,Collegium Pharmaceutical Inc. Common Stock,Health Care,RUSSELL3000_APPROX
GOOS,Canada Goose Holdings Inc. Subordinate Voting Shares,Consumer Discretionary,RUSSELL3000_APPROX
INDI,indie Semiconductor Inc. Class A Common Stock,Technology,RUSSELL3000_APPROX
SMWB,Similarweb Ltd. Ordinary Shares,Technology,RUSSELL3000_APPROX
EVEX,Eve Holding Inc. Common Stock,Industrials,RUSSELL3000_APPROX
EVC,Entravision Communications Corporation Common Stock,Industrials,RUSSELL3000_APPROX
PFLT,PennantPark Floating Rate Capital Ltd. Common Stock,Finance,RUSSELL3000_APPROX
ESRT,Empire State Realty Trust Inc. Class A Common Stock,Real Estate,RUSSELL3000_APPROX
HNRG,Hallador Energy Company Common Stock,Utilities,RUSSELL3000_APPROX
AAC,Ares Acquisition Corporation III Class A Ordinary Shares,Industrials,RUSSELL3000_APPROX
MLAB,Mesa Laboratories Inc. Common Stock,Industrials,RUSSELL3000_APPROX
CASS,Cass Information Systems Inc Common Stock,Consumer Discretionary,RUSSELL3000_APPROX
IMC,IMC Rare Earths Ltd Ordinary Shares,Basic Materials,RUSSELL3000_APPROX
PFIS,Peoples Financial Services Corp. Common Stock,Finance,RUSSELL3000_APPROX
LPTH,LightPath Technologies Inc. Class A Common Stock,Technology,RUSSELL3000_APPROX
AROW,Arrow Financial Corporation Common Stock,Finance,RUSSELL3000_APPROX
BCAL,California BanCorp Common Stock,Finance,RUSSELL3000_APPROX
IVR,INVESCO MORTGAGE CAPITAL INC Common Stock,Real Estate,RUSSELL3000_APPROX
NFGC,New Found Gold Corp Common Shares,Basic Materials,RUSSELL3000_APPROX
CCB,Coastal Financial Corporation Common Stock,Finance,RUSSELL3000_APPROX
ZVRA,Zevra Therapeutics Inc. Common Stock,Health Care,RUSSELL3000_APPROX
GLAS,Glass House Brands Inc. Subordinate Voting Shares,Health Care,RUSSELL3000_APPROX
PAYS,Paysign Inc. Common Stock,Technology,RUSSELL3000_APPROX
DGICA,Donegal Group Inc. Class A Common Stock,Finance,RUSSELL3000_APPROX
IRWD,Ironwood Pharmaceuticals Inc. Class A Common Stock,Health Care,RUSSELL3000_APPROX
MSBI,Midland States Bancorp Inc. Common Stock,Finance,RUSSELL3000_APPROX
NVCT,Nuvectis Pharma Inc. Common Stock,Health Care,RUSSELL3000_APPROX
NIE,Virtus Equity & Convertible Income Fund Common Shares of Beneficial Interest,Finance,RUSSELL3000_APPROX
HOV,Hovnanian Enterprises Inc. Class A Common Stock,Consumer Discretionary,RUSSELL3000_APPROX
WYFI,WhiteFiber Inc. Ordinary Shares,Finance,RUSSELL3000_APPROX
OFRM,Once Upon a Farm PBC Common Stock,Consumer Staples,RUSSELL3000_APPROX
SSYS,Stratasys Ltd. Ordinary Shares (Israel),Technology,RUSSELL3000_APPROX
MNPR,Monopar Therapeutics Inc. Common Stock,Health Care,RUSSELL3000_APPROX
BLMN,Bloomin' Brands Inc. Common Stock,Consumer Discretionary,RUSSELL3000_APPROX
SGMT,Sagimet Biosciences Inc. Series A Common Stock,Health Care,RUSSELL3000_APPROX
WOOF,Petco Health and Wellness Company Inc. Class A Common Stock,Consumer Discretionary,RUSSELL3000_APPROX
XFLT,XAI Floating Rate & Alternative Income Trust Common Shares of Beneficial Interest,Finance,RUSSELL3000_APPROX
GMRS,GMR Solutions Inc. Class A Common Stock,Consumer Discretionary,RUSSELL3000_APPROX
VSTM,Verastem Inc. Common Stock,Health Care,RUSSELL3000_APPROX
MDXG,MiMedx Group Inc Common Stock,Health Care,RUSSELL3000_APPROX
AURA,Aura Biosciences Inc. Common Stock,Health Care,RUSSELL3000_APPROX
TROX,Tronox Holdings plc Ordinary Shares (UK),Basic Materials,RUSSELL3000_APPROX
ISOU,IsoEnergy Ltd. Common Shares,N/A,RUSSELL3000_APPROX
TRON,Tron Inc. Common Stock,Finance,RUSSELL3000_APPROX
CTKB,Cytek Biosciences Inc. Common Stock,Industrials,RUSSELL3000_APPROX
BHB,Bar Harbor Bankshares Inc. Common Stock,Finance,RUSSELL3000_APPROX
NGVC,Natural Grocers by Vitamin Cottage Inc. Common Stock,Consumer Staples,RUSSELL3000_APPROX
STLN,Starling Oncology Inc. Common Stock,Health Care,RUSSELL3000_APPROX
CARE,Carter Bankshares Inc. Common Stock,Finance,RUSSELL3000_APPROX
NMFC,New Mountain Finance Corporation Common Stock,Finance,RUSSELL3000_APPROX
RRBI,Red River Bancshares Inc. Common Stock,Finance,RUSSELL3000_APPROX
MATV,Mativ Holdings Inc. Common Stock,Basic Materials,RUSSELL3000_APPROX
ELMT,The Elmet Group Co. Common Stock,Industrials,RUSSELL3000_APPROX
PKOH,Park-Ohio Holdings Corp. Common Stock,Industrials,RUSSELL3000_APPROX
SLRC,SLR Investment Corp. Common Stock,Finance,RUSSELL3000_APPROX
DSP,Viant Technology Inc. Class A Common Stock,Technology,RUSSELL3000_APPROX
CNNE,Cannae Holdings Inc. Common Stock,Consumer Discretionary,RUSSELL3000_APPROX
PKE,Park Aerospace Corp. Common Stock,Industrials,RUSSELL3000_APPROX
SCHL,Scholastic Corporation Common Stock,Consumer Discretionary,RUSSELL3000_APPROX
HTZ,Hertz Global Holdings Inc Common Stock,Consumer Discretionary,RUSSELL3000_APPROX
PZZA,Papa John's International Inc. Common Stock,Consumer Discretionary,RUSSELL3000_APPROX
OSPN,OneSpan Inc. Common Stock,Technology,RUSSELL3000_APPROX
PAR,PAR Technology Corporation Common Stock,Miscellaneous,RUSSELL3000_APPROX
SMC,Summit Midstream Corporation Common Stock,Utilities,RUSSELL3000_APPROX
CCSI,Consensus Cloud Solutions Inc. Common Stock,Technology,RUSSELL3000_APPROX
HIFS,Hingham Institution for Savings Common Stock,Finance,RUSSELL3000_APPROX
LEGH,Legacy Housing Corporation Common Stock (TX),Consumer Discretionary,RUSSELL3000_APPROX
EGY,VAALCO Energy Inc.  Common Stock,Energy,RUSSELL3000_APPROX
SPT,Sprout Social Inc Class A Common Stock,Technology,RUSSELL3000_APPROX
GDYN,Grid Dynamics Holdings Inc. Class A Common Stock,Technology,RUSSELL3000_APPROX
VLGEA,Village Super Market Inc. Class A Common Stock,Consumer Staples,RUSSELL3000_APPROX
TIPT,Tiptree Inc. Common Stock,Finance,RUSSELL3000_APPROX
ARRY,Array Technologies Inc. Common Stock,Technology,RUSSELL3000_APPROX
GRNT,Granite Ridge Resources Inc. Common Stock,Energy,RUSSELL3000_APPROX
ACNB,ACNB Corporation Common Stock,Finance,RUSSELL3000_APPROX
MAX,MediaAlpha Inc. Class A Common Stock,Consumer Discretionary,RUSSELL3000_APPROX
AGNT,AGNT Inc. Common Stock,Finance,RUSSELL3000_APPROX
OABI,OmniAb Inc. Common Stock,Health Care,RUSSELL3000_APPROX
ENVX,Enovix Corporation Common Stock,Miscellaneous,RUSSELL3000_APPROX
ABTC,American Bitcoin Corp. Class A Common Stock,Finance,RUSSELL3000_APPROX
GAIN,Gladstone Investment Corporation Business Development Company,Finance,RUSSELL3000_APPROX
RGR,Sturm Ruger & Company Inc. Common Stock,Industrials,RUSSELL3000_APPROX
CTGO,Contango Silver & Gold Inc. Common Stock,Basic Materials,RUSSELL3000_APPROX
PHR,Phreesia Inc. Common Stock,Consumer Discretionary,RUSSELL3000_APPROX
NXP,Nuveen Select Tax Free Income Portfolio Common Stock,Finance,RUSSELL3000_APPROX
ANGO,AngioDynamics Inc. Common Stock,Health Care,RUSSELL3000_APPROX
BSTZ,BlackRock Science and Technology Term Trust Common Shares of Beneficial Interest,Finance,RUSSELL3000_APPROX
VEL,Velocity Financial Inc. Common Stock,Finance,RUSSELL3000_APPROX
MG,Mistras Group Inc Common Stock,Consumer Discretionary,RUSSELL3000_APPROX
FBRT,Franklin BSP Realty Trust Inc. Common Stock,Real Estate,RUSSELL3000_APPROX
ALT,Altimmune Inc. Common Stock,Health Care,RUSSELL3000_APPROX
MLR,Miller Industries Inc. Common Stock,Consumer Discretionary,RUSSELL3000_APPROX
HPP,Hudson Pacific Properties Inc. Common Stock,Finance,RUSSELL3000_APPROX
MATW,Matthews International Corporation Class A Common Stock,Telecommunications,RUSSELL3000_APPROX
PHAT,Phathom Pharmaceuticals Inc. Common Stock,Health Care,RUSSELL3000_APPROX
KRNY,Kearny Financial Corp Common Stock,Finance,RUSSELL3000_APPROX
METC,Ramaco Resources Inc. Class A Common Stock,Energy,RUSSELL3000_APPROX
FWRG,First Watch Restaurant Group Inc. Common Stock,Consumer Discretionary,RUSSELL3000_APPROX
CBIO,Crescent Biopharma Inc. Common Stock,Health Care,RUSSELL3000_APPROX
YEXT,Yext Inc. Common Stock,Technology,RUSSELL3000_APPROX
NTGR,NETGEAR Inc. Common Stock,Utilities,RUSSELL3000_APPROX
RMT,Royce Micro-Cap Trust Inc. Common Stock,Finance,RUSSELL3000_APPROX
NUAI,New Era Energy & Digital Inc. Common Stock,Energy,RUSSELL3000_APPROX
MAMA,Mama's Creations Inc. Common Stock,Consumer Staples,RUSSELL3000_APPROX
ONT,Onterris Inc. Common Stock,Consumer Discretionary,RUSSELL3000_APPROX
GOOD,Gladstone Commercial Corporation Real Estate Investment Trust,Real Estate,RUSSELL3000_APPROX
INN,Summit Hotel Properties Inc. Common Stock,Real Estate,RUSSELL3000_APPROX
OOMA,Ooma Inc. Common Stock,Technology,RUSSELL3000_APPROX
RSVR,Reservoir Media Inc. Common Stock,Consumer Discretionary,RUSSELL3000_APPROX
CTMX,CytomX Therapeutics Inc. Common Stock,Health Care,RUSSELL3000_APPROX
SHEN,Shenandoah Telecommunications Co Common Stock,Telecommunications,RUSSELL3000_APPROX
SCTX,Scribe Therapeutics Inc. Common Stock,Health Care,RUSSELL3000_APPROX
CARS,Cars.com Inc. Common Stock,Technology,RUSSELL3000_APPROX
CRMD,CorMedix Inc. Common Stock,Health Care,RUSSELL3000_APPROX
AUXX,Gold X2 Mining Inc. Common Shares,N/A,RUSSELL3000_APPROX
NCDL,Nuveen Churchill Direct Lending Corp. Common Stock,N/A,RUSSELL3000_APPROX
GCBC,Greene County Bancorp Inc. Common Stock,Finance,RUSSELL3000_APPROX
RMR,The RMR Group Inc. Class A Common Stock,Consumer Discretionary,RUSSELL3000_APPROX
FAC,Factorial Energy Inc. Class A Common Stock,Miscellaneous,RUSSELL3000_APPROX
JBI,Janus International Group Inc. Common Stock,Industrials,RUSSELL3000_APPROX
FLGT,Fulgent Genetics Inc. Common Stock,Health Care,RUSSELL3000_APPROX
KE,Kimball Electronics Inc. Common Stock,Technology,RUSSELL3000_APPROX
OPFI,OppFi Inc. Class A Common Stock,Finance,RUSSELL3000_APPROX
FBIZ,First Business Financial Services Inc. Common Stock,Finance,RUSSELL3000_APPROX
CWH,Camping World Holdings Inc. Class A Common Stock,Consumer Discretionary,RUSSELL3000_APPROX
SWBI,Smith & Wesson Brands Inc. Common Stock,Industrials,RUSSELL3000_APPROX
ALLO,Allogene Therapeutics Inc. Common Stock,Health Care,RUSSELL3000_APPROX
HY,Hyster-Yale Inc. Class A common stock,Industrials,RUSSELL3000_APPROX
LMB,Limbach Holdings Inc. Common Stock,Consumer Discretionary,RUSSELL3000_APPROX
CLDT,Chatham Lodging Trust (REIT) Common Shares of Beneficial Interest,Real Estate,RUSSELL3000_APPROX
BME,Blackrock Health Sciences Trust,Finance,RUSSELL3000_APPROX
WTI,W&T Offshore Inc. Common Stock,Energy,RUSSELL3000_APPROX
BXC,Bluelinx Holdings Inc. Common Stock,Consumer Discretionary,RUSSELL3000_APPROX
DDD,3D Systems Corporation Common Stock,Technology,RUSSELL3000_APPROX
NRDS,NerdWallet Inc. Class A Common Stock,Technology,RUSSELL3000_APPROX
CBNK,Capital Bancorp Inc. Common Stock,Finance,RUSSELL3000_APPROX
STTK,Shattuck Labs Inc. Common Stock,Health Care,RUSSELL3000_APPROX
WEAV,Weave Communications Inc. Common Stock,Technology,RUSSELL3000_APPROX
SFST,Southern First Bancshares Inc. Common Stock,Finance,RUSSELL3000_APPROX
AQST,Aquestive Therapeutics Inc. Common Stock,Health Care,RUSSELL3000_APPROX
CMDB,Costamare Bulkers Holdings Limited Common Stock,Consumer Discretionary,RUSSELL3000_APPROX
BWB,Bridgewater Bancshares Inc. Common Stock,Finance,RUSSELL3000_APPROX
IIIN,Insteel Industries Inc. Common Stock,Industrials,RUSSELL3000_APPROX
SLDP,Solid Power Inc. Class A Common Stock,Miscellaneous,RUSSELL3000_APPROX
NVRI,Enviri Corporation Common Stock,Miscellaneous,RUSSELL3000_APPROX
ADTN,ADTRAN Holdings Inc. Common Stock,Utilities,RUSSELL3000_APPROX
NPB,Northpointe Bancshares Inc. Common Stock,Finance,RUSSELL3000_APPROX
GEMI,Gemini Space Station Inc. Class A Common Stock,Finance,RUSSELL3000_APPROX
MSIF,MSC Income Fund Inc. Common Stock,Finance,RUSSELL3000_APPROX
ALOY,REalloys Inc. Common Stock,Basic Materials,RUSSELL3000_APPROX
HNST,The Honest Company Inc. Common Stock,Consumer Discretionary,RUSSELL3000_APPROX
PRME,Prime Medicine Inc. Common Stock,Health Care,RUSSELL3000_APPROX
KIDS,OrthoPediatrics Corp. Common Stock,Health Care,RUSSELL3000_APPROX
IIM,Invesco Value Municipal Income Trust Common Stock,Finance,RUSSELL3000_APPROX
RYAM,Rayonier Advanced Materials Inc. Common Stock,Basic Materials,RUSSELL3000_APPROX
NRIM,Northrim BanCorp Inc Common Stock,Finance,RUSSELL3000_APPROX
CIVB,Civista Bancshares Inc. Common Stock,Finance,RUSSELL3000_APPROX
TITN,Titan Machinery Inc. Common Stock,Consumer Discretionary,RUSSELL3000_APPROX
UHT,Universal Health Realty Income Trust Common Stock,Real Estate,RUSSELL3000_APPROX
ITRG,Integra Resources Corp. Common Shares,Basic Materials,RUSSELL3000_APPROX
XMAX,XMAX Inc. Common Stock,Consumer Discretionary,RUSSELL3000_APPROX
DCTH,Delcath Systems Inc. Common Stock,Health Care,RUSSELL3000_APPROX
KELYA,Kelly Services Inc. Class A Common Stock,Consumer Discretionary,RUSSELL3000_APPROX
TRTX,TPG RE Finance Trust Inc. Common Stock,Real Estate,RUSSELL3000_APPROX
ITIC,Investors Title Company Common Stock,Finance,RUSSELL3000_APPROX
BTBT,Bit Digital Inc. Ordinary Shares,Finance,RUSSELL3000_APPROX
PANL,Pangaea Logistics Solutions Ltd. Common Shares,Consumer Discretionary,RUSSELL3000_APPROX
CAPR,Capricor Therapeutics Inc. Common Stock,Health Care,RUSSELL3000_APPROX
TMS,Teamshares Inc. Common Stock,N/A,RUSSELL3000_APPROX
PROK,ProKidney Corp. Class A Ordinary Shares,Health Care,RUSSELL3000_APPROX
NXRT,NexPoint Residential Trust Inc. Common Stock,Real Estate,RUSSELL3000_APPROX
ARVN,Arvinas Inc. Common Stock,Health Care,RUSSELL3000_APPROX
RGNX,REGENXBIO Inc. Common Stock,Health Care,RUSSELL3000_APPROX
EBF,Ennis Inc. Common Stock,Consumer Discretionary,RUSSELL3000_APPROX
ETD,Ethan Allen Interiors Inc. Common Stock,Consumer Discretionary,RUSSELL3000_APPROX
HBCP,Home Bancorp Inc. Common Stock,Finance,RUSSELL3000_APPROX
CTEV,Claritev Corporation Class A Common Stock,Consumer Discretionary,RUSSELL3000_APPROX
TLRY,Tilray Brands Inc. Common Stock,Health Care,RUSSELL3000_APPROX
YORW,York Water Company (The) Common Stock,Utilities,RUSSELL3000_APPROX
CERS,Cerus Corporation Common Stock,Health Care,RUSSELL3000_APPROX
RFI,Cohen & Steers Total Return Realty Fund Inc. Common Stock,Finance,RUSSELL3000_APPROX
BWFG,Bankwell Financial Group Inc. Common Stock,Finance,RUSSELL3000_APPROX
TECX,Tectonic Therapeutic Inc. Common Stock,Health Care,RUSSELL3000_APPROX
NB,NioCorp Developments Ltd. Common Stock,Basic Materials,RUSSELL3000_APPROX
IPI,Intrepid Potash Inc Common Stock,Industrials,RUSSELL3000_APPROX
SD,SandRidge Energy Inc. Common Stock,Energy,RUSSELL3000_APPROX
VGM,Invesco Trust for Investment Grade Municipals Common Stock (DE),Finance,RUSSELL3000_APPROX
DNUT,Krispy Kreme Inc. Common Stock,Consumer Staples,RUSSELL3000_APPROX
EOLS,Evolus Inc. Common Stock,Health Care,RUSSELL3000_APPROX
OVID,Ovid Therapeutics Inc. Common Stock,Health Care,RUSSELL3000_APPROX
AII,American Integrity Insurance Group Inc. Common Stock,Finance,RUSSELL3000_APPROX
BALY,Bally's Corporation Common Stock,Consumer Discretionary,RUSSELL3000_APPROX
INDP,Indaptus Therapeutics Inc. Common Stock,Health Care,RUSSELL3000_APPROX
BSRR,Sierra Bancorp Common Stock,Finance,RUSSELL3000_APPROX
SDHC,Smith Douglas Homes Corp. Class A Common Stock,Consumer Discretionary,RUSSELL3000_APPROX
FWRD,Forward Air Corporation Common Stock,Industrials,RUSSELL3000_APPROX
BSVN,Bank7 Corp. Common stock,Finance,RUSSELL3000_APPROX
CLMB,Climb Global Solutions Inc. Common Stock,Technology,RUSSELL3000_APPROX
PBAM,Private Bancorp of America Inc. Common Stock,Finance,RUSSELL3000_APPROX
VRRM,Verra Mobility Corporation Class A Common Stock,Consumer Discretionary,RUSSELL3000_APPROX
IQI,Invesco Quality Municipal Income Trust Common Stock,Finance,RUSSELL3000_APPROX
ILPT,Industrial Logistics Properties Trust Common Shares of Beneficial Interest,Real Estate,RUSSELL3000_APPROX
ASMB,Assembly Biosciences Inc. Common Stock,Health Care,RUSSELL3000_APPROX
OBT,Orange County Bancorp Inc. Common Stock,Finance,RUSSELL3000_APPROX
BDN,Brandywine Realty Trust Common Stock,Real Estate,RUSSELL3000_APPROX
TCMD,Tactile Systems Technology Inc. Common Stock,Health Care,RUSSELL3000_APPROX
VKQ,Invesco Municipal Trust Common Stock,Finance,RUSSELL3000_APPROX
VOGX,Vogenx Inc Common Stock,Health Care,RUSSELL3000_APPROX
OIS,Oil States International Inc. Common Stock,Consumer Discretionary,RUSSELL3000_APPROX
DNA,Ginkgo Bioworks Holdings Inc. Class A Common Stock,Health Care,RUSSELL3000_APPROX
WTBA,West Bancorporation Common Stock,Finance,RUSSELL3000_APPROX
TYG,Tortoise Energy Infrastructure Corporation Common Stock,Finance,RUSSELL3000_APPROX
HQL,abrdn Life Sciences Investors Shares of Beneficial Interest,Finance,RUSSELL3000_APPROX
VITL,Vital Farms Inc. Common Stock,Consumer Staples,RUSSELL3000_APPROX
OLP,One Liberty Properties Inc. Common Stock,Real Estate,RUSSELL3000_APPROX
COFS,ChoiceOne Financial Services Inc. Common Stock,Finance,RUSSELL3000_APPROX
ALTI,AlTi Global Inc. Class A Common Stock,Finance,RUSSELL3000_APPROX
ETO,Eaton Vance Tax-Advantage Global Dividend Opp Common Stock,Finance,RUSSELL3000_APPROX
SENS,Senseonics Holdings Inc. Common Stock,Health Care,RUSSELL3000_APPROX
ASPI,ASP Isotopes Inc. Common Stock,Industrials,RUSSELL3000_APPROX
CTNM,Contineum Therapeutics Inc. Class A Common Stock,Health Care,RUSSELL3000_APPROX
GFUZ,General Fusion Group Ltd. Common Shares,Utilities,RUSSELL3000_APPROX
RWT,Redwood Trust Inc. Common Stock,Real Estate,RUSSELL3000_APPROX
BBCP,Concrete Pumping Holdings Inc. Common Stock,Consumer Discretionary,RUSSELL3000_APPROX
QUAD,Quad Graphics Inc Class A Common Stock,Consumer Discretionary,RUSSELL3000_APPROX
WNC,Wabash National Corporation Common Stock,Industrials,RUSSELL3000_APPROX
SPIR,Spire Global Inc. Class A Common Stock,Consumer Discretionary,RUSSELL3000_APPROX
PBYI,Puma Biotechnology Inc Common Stock,Health Care,RUSSELL3000_APPROX
FMAO,Farmers & Merchants Bancorp Inc. Common Stock,Finance,RUSSELL3000_APPROX
CSV,Carriage Services Inc. Common Stock,Consumer Discretionary,RUSSELL3000_APPROX
PDLB,Ponce Financial Group Inc. Common Stock,Finance,RUSSELL3000_APPROX
PRTH,Priority Technology Holdings Inc. Common Stock,Consumer Discretionary,RUSSELL3000_APPROX
MCFT,MasterCraft Boat Holdings Inc. Common Stock,Industrials,RUSSELL3000_APPROX
CTRN,Citi Trends Inc. Common Stock,Consumer Discretionary,RUSSELL3000_APPROX
ARKO,ARKO Corp. Common Stock,Consumer Staples,RUSSELL3000_APPROX
NVEC,NVE Corporation Common Stock,Technology,RUSSELL3000_APPROX
NPCE,Neuropace Inc. Common Stock,Health Care,RUSSELL3000_APPROX
AMCX,AMC Global Media Inc. Class A Common Stock,Telecommunications,RUSSELL3000_APPROX
SBC,SBC Medical Group Holdings Incorporated Common Stock,Health Care,RUSSELL3000_APPROX
MEI,Methode Electronics Inc. Common Stock,Technology,RUSSELL3000_APPROX
FISN,Deep Fission Inc. Common Stock,Utilities,RUSSELL3000_APPROX
XRN,Chiron Real Estate Inc. Common Stock,Real Estate,RUSSELL3000_APPROX
FPI,Farmland Partners Inc. Common Stock,Real Estate,RUSSELL3000_APPROX
GTN,Gray Media Inc. Common Stock,Industrials,RUSSELL3000_APPROX
SRTA,Strata Critical Medical Inc. Class A Common Stock,Health Care,RUSSELL3000_APPROX
ULH,Universal Logistics Holdings Inc. Common Stock,Industrials,RUSSELL3000_APPROX
XRX,Xerox Holdings Corporation Common Stock,Technology,RUSSELL3000_APPROX
OPTU,Optimum Communications Inc. Class A common stock,Telecommunications,RUSSELL3000_APPROX
VHI,Valhi Inc. Common Stock,Basic Materials,RUSSELL3000_APPROX
CCOI,Cogent Communications Holdings Inc.,Consumer Discretionary,RUSSELL3000_APPROX
SPCE,Virgin Galactic Holdings Inc. Common Stock,Consumer Discretionary,RUSSELL3000_APPROX
VCV,Invesco California Value Municipal Income Trust Common Stock,Finance,RUSSELL3000_APPROX
EIKN,Eikon Therapeutics Inc. Common Stock,Health Care,RUSSELL3000_APPROX
CIX,CompX International Inc. Common Stock,Consumer Discretionary,RUSSELL3000_APPROX
CZNC,Citizens & Northern Corp Common Stock,Finance,RUSSELL3000_APPROX
MBUU,Malibu Boats Inc. Class A Common Stock,Industrials,RUSSELL3000_APPROX
AHRT,AH Realty Trust Inc. Common Stock,Finance,RUSSELL3000_APPROX
IMSR,Terrestrial Energy Inc. Common Stock,Industrials,RUSSELL3000_APPROX
JOUT,Johnson Outdoors Inc. Class A Common Stock,Consumer Discretionary,RUSSELL3000_APPROX
NGS,Natural Gas Services Group Inc. Common Stock,Energy,RUSSELL3000_APPROX
EVGO,EVgo Inc. Class A Common Stock,Consumer Discretionary,RUSSELL3000_APPROX
NRC,NRC Health Common Stock,Health Care,RUSSELL3000_APPROX
TWI,Titan International Inc. (DE) Common Stock,Industrials,RUSSELL3000_APPROX
IDR,Idaho Strategic Resources Inc. Common Stock,Basic Materials,RUSSELL3000_APPROX
BMRC,Bank of Marin Bancorp Common Stock,Finance,RUSSELL3000_APPROX
FWDI,Forward Industries Inc. Common Stock,Finance,RUSSELL3000_APPROX
AMSF,AMERISAFE Inc. Common Stock,Finance,RUSSELL3000_APPROX
CMCO,Columbus McKinnon Corporation Common Stock,Industrials,RUSSELL3000_APPROX
MASS,908 Devices Inc. Common Stock,Industrials,RUSSELL3000_APPROX
ETB,Eaton Vance Tax-Managed Buy-Write Income Fund Eaton Vance Tax-Managed Buy-Write Income Fund Common Shares of Beneficial Interest,Finance,RUSSELL3000_APPROX
ASIX,AdvanSix Inc. Common Stock,Industrials,RUSSELL3000_APPROX
RBB,RBB Bancorp Common Stock,Finance,RUSSELL3000_APPROX
CBK,Commercial Bancgroup Inc. Common Stock,Finance,RUSSELL3000_APPROX
SWRD,Stewards Inc Common Stock,Finance,RUSSELL3000_APPROX
GLOO,Gloo Holdings Inc. Class A Common Stock,Technology,RUSSELL3000_APPROX
ATNI,ATN International Inc. Common Stock,Telecommunications,RUSSELL3000_APPROX
PBFS,Pioneer Bancorp Inc. Common Stock,Finance,RUSSELL3000_APPROX
RLMD,Relmada Therapeutics Inc. Common Stock,Health Care,RUSSELL3000_APPROX
FRBA,First Bank Common Stock,Finance,RUSSELL3000_APPROX
GUT,Gabelli Utility Trust (The) Common Stock,Finance,RUSSELL3000_APPROX
SGHT,Sight Sciences Inc. Common Stock,Health Care,RUSSELL3000_APPROX
MEC,Mayville Engineering Company Inc. Common Stock,Industrials,RUSSELL3000_APPROX
GLAD,Gladstone Capital Corporation Common Stock,Consumer Discretionary,RUSSELL3000_APPROX
CBAN,Colony Bankcorp Inc. Common Stock,Finance,RUSSELL3000_APPROX
AVBC,Avidia Bancorp Inc. Common Stock,Finance,RUSSELL3000_APPROX
ACTG,Acacia Research Corporation (Acacia Tech) Common Stock,Miscellaneous,RUSSELL3000_APPROX
IRD,Opus Genetics Inc. Common Stock,Health Care,RUSSELL3000_APPROX
CABA,Cabaletta Bio Inc. Common Stock,Health Care,RUSSELL3000_APPROX
LOCO,El Pollo Loco Holdings Inc. Common Stock,Consumer Discretionary,RUSSELL3000_APPROX
KYTX,Kyverna Therapeutics Inc. Common Stock,Health Care,RUSSELL3000_APPROX
PRTA,Prothena Corporation plc Ordinary Shares,Health Care,RUSSELL3000_APPROX
PLBC,Plumas Bancorp,Finance,RUSSELL3000_APPROX
BLW,Blackrock Limited Duration Income Trust,Consumer Discretionary,RUSSELL3000_APPROX
ACIC,American Coastal Insurance Corporation Common Stock,Finance,RUSSELL3000_APPROX
OXM,Oxford Industries Inc. Common Stock,Industrials,RUSSELL3000_APPROX
TRC,Tejon Ranch Co Common Stock,Finance,RUSSELL3000_APPROX
FVR,FrontView REIT Inc. Common Stock,Real Estate,RUSSELL3000_APPROX
GNE,Genie Energy Ltd. Class B Common Stock Stock,Utilities,RUSSELL3000_APPROX
PACB,Pacific Biosciences of California Inc. Common Stock,Industrials,RUSSELL3000_APPROX
USCB,USCB Financial Holdings Inc. Class A Common Stock,Finance,RUSSELL3000_APPROX
ASPN,Aspen Aerogels Inc. Common Stock,Consumer Discretionary,RUSSELL3000_APPROX
GMTL,Guardian Metal Resources PLC ADS,Basic Materials,RUSSELL3000_APPROX
HVT,Haverty Furniture Companies Inc. Common Stock,Consumer Discretionary,RUSSELL3000_APPROX
WEYS,Weyco Group Inc. Common Stock,Consumer Staples,RUSSELL3000_APPROX
STRZ,Starz Entertainment Corp. Common Shares,Consumer Discretionary,RUSSELL3000_APPROX
ADV,Advantage Solutions Inc. Class A Common Stock,Consumer Discretionary,RUSSELL3000_APPROX
AVIR,Atea Pharmaceuticals Inc. Common Stock,Health Care,RUSSELL3000_APPROX
CARL,Carlsmed Inc. Common Stock,Health Care,RUSSELL3000_APPROX
CCCC,C4 Therapeutics Inc. Common Stock,Health Care,RUSSELL3000_APPROX
KRUS,Kura Sushi USA Inc. Class A Common Stock,Consumer Discretionary,RUSSELL3000_APPROX
CLPT,ClearPoint Neuro Inc. Common Stock,Health Care,RUSSELL3000_APPROX
MAGN,Magnera Corporation Common Stock,Basic Materials,RUSSELL3000_APPROX
HBB,Hamilton Beach Brands Holding Company Class A Common Stock,Consumer Discretionary,RUSSELL3000_APPROX
SGU,Star Group L.P. Common Stock,Consumer Discretionary,RUSSELL3000_APPROX
EDIT,Editas Medicine Inc. Common Stock,Health Care,RUSSELL3000_APPROX
ISTR,Investar Holding Corporation Common Stock,Finance,RUSSELL3000_APPROX
RLGT,Radiant Logistics Inc. Common Stock,Industrials,RUSSELL3000_APPROX
CAL,Caleres Inc. Common Stock,Consumer Discretionary,RUSSELL3000_APPROX
CLFD,Clearfield Inc. Common Stock,Utilities,RUSSELL3000_APPROX
EVH,Evolent Health Inc Class A Common Stock,Consumer Discretionary,RUSSELL3000_APPROX
SPRY,ARS Pharmaceuticals Inc. Common Stock,Health Care,RUSSELL3000_APPROX
ARTV,Artiva Biotherapeutics Inc. Common Stock,Health Care,RUSSELL3000_APPROX
LAND,Gladstone Land Corporation Common Stock,Real Estate,RUSSELL3000_APPROX
BOC,Boston Omaha Corporation Class A Common Stock,Finance,RUSSELL3000_APPROX
TTRX,Turn Therapeutics Inc. Common Stock,Health Care,RUSSELL3000_APPROX
DDT,Dillard's Capital Trust I,Consumer Discretionary,RUSSELL3000_APPROX
NPWR,NET Power Inc. Class A Common Stock,Energy,RUSSELL3000_APPROX
FRPH,FRP Holdings Inc. Common Stock,Finance,RUSSELL3000_APPROX
EVN,Eaton Vance Municipal Income Trust Common Stock,Finance,RUSSELL3000_APPROX
RMNI,Rimini Street Inc. (DE) Common Stock,Consumer Discretionary,RUSSELL3000_APPROX
CINT,CI&T Inc Class A Common Shares,Technology,RUSSELL3000_APPROX
FCBM,First Carolina Financial Services Inc. Common Stock,Finance,RUSSELL3000_APPROX
CPS,Cooper-Standard Holdings Inc. Common Stock,Consumer Discretionary,RUSSELL3000_APPROX
GBLI,Global Indemnity Group LLC Class A Common Stock,Finance,RUSSELL3000_APPROX
PKBK,Parke Bancorp Inc. Common Stock,Finance,RUSSELL3000_APPROX
ACCO,Acco Brands Corporation Common Stock,Consumer Discretionary,RUSSELL3000_APPROX
NATH,Nathan's Famous Inc. Common Stock,Consumer Discretionary,RUSSELL3000_APPROX
HCMA,HCM III Acquisition Corp. Class A Ordinary Share,Consumer Discretionary,RUSSELL3000_APPROX
TKNO,Alpha Teknova Inc. Common Stock,Health Care,RUSSELL3000_APPROX
MVBF,MVB Financial Corp. Common Stock,Finance,RUSSELL3000_APPROX
KREF,KKR Real Estate Finance Trust Inc. Common Stock,Real Estate,RUSSELL3000_APPROX
AIOT,PowerFleet Inc. Common Stock,Telecommunications,RUSSELL3000_APPROX
CHMG,Chemung Financial Corp Common Stock,Finance,RUSSELL3000_APPROX
BNTC,Benitec Biopharma Inc. Common Stock,Health Care,RUSSELL3000_APPROX
IIIV,i3 Verticals Inc. Class A Common Stock,Technology,RUSSELL3000_APPROX
MYGN,Myriad Genetics Inc. Common Stock,Health Care,RUSSELL3000_APPROX
FNLC,First Bancorp Inc  (ME) Common Stock,Finance,RUSSELL3000_APPROX
LRMR,Larimar Therapeutics Inc. Common Stock,Health Care,RUSSELL3000_APPROX
GEVO,Gevo Inc. Common Stock,Industrials,RUSSELL3000_APPROX
CZFS,Citizens Financial Services Inc. Common Stock,Finance,RUSSELL3000_APPROX
FRST,Primis Financial Corp. Common Stock,Finance,RUSSELL3000_APPROX
FSTR,L.B. Foster Company Common Stock,Industrials,RUSSELL3000_APPROX
BBOT,BridgeBio Oncology Therapeutics Inc. Common Stock,Health Care,RUSSELL3000_APPROX
BMBL,Bumble Inc. Class A Common Stock,Technology,RUSSELL3000_APPROX
PCB,PCB Bancorp Common Stock,Finance,RUSSELL3000_APPROX
ORBS,Eightco Holdings Inc. Common Stock,Finance,RUSSELL3000_APPROX
SFIX,Stitch Fix Inc. Class A Common Stock,Consumer Discretionary,RUSSELL3000_APPROX
RNGR,Ranger Energy Services Inc. Class A Common Stock,Energy,RUSSELL3000_APPROX
RR,Richtech Robotics Inc. Class B Common Stock,Industrials,RUSSELL3000_APPROX
MCI,Barings Corporate Investors Common Stock,Finance,RUSSELL3000_APPROX
RCKT,Rocket Pharmaceuticals Inc. Common Stock,Health Care,RUSSELL3000_APPROX
CLNE,Clean Energy Fuels Corp. Common Stock,Utilities,RUSSELL3000_APPROX
NWFL,Norwood Financial Corp. Common Stock,Finance,RUSSELL3000_APPROX
MNRO,Monro Inc. Common Stock,Consumer Discretionary,RUSSELL3000_APPROX
SWMR,Swarmer Inc Common Stock,Technology,RUSSELL3000_APPROX
SOR,Source Capital Inc. Cmn Shs of BI,Finance,RUSSELL3000_APPROX
IMXI,International Money Express Inc. Common Stock,Consumer Discretionary,RUSSELL3000_APPROX
TACO,Berto Acquisition Corp. Ordinary Shares,Finance,RUSSELL3000_APPROX
REI,Ring Energy Inc. Common Stock,Energy,RUSSELL3000_APPROX
RZLT,Rezolute Inc. Common Stock (NV),Health Care,RUSSELL3000_APPROX
VALU,Value Line Inc. Common Stock,Finance,RUSSELL3000_APPROX
PESI,Perma-Fix Environmental Services Inc. Common Stock,Industrials,RUSSELL3000_APPROX
VKI,Invesco Advantage Municipal Income Trust II Common Shares of Beneficial Interest (DE),Finance,RUSSELL3000_APPROX
FENC,Fennec Pharmaceuticals Inc. Common Stock,Health Care,RUSSELL3000_APPROX
PPHC,Public Policy Holding Company Inc. Common Stock,N/A,RUSSELL3000_APPROX
GALT,Galectin Therapeutics Inc. Common Stock,Health Care,RUSSELL3000_APPROX
QNC,Quantum eMotion Corp. Common Shares,N/A,RUSSELL3000_APPROX
SLP,Simulations Plus Inc. Common Stock,Technology,RUSSELL3000_APPROX
SERV,Serve Robotics Inc. Common Stock,Industrials,RUSSELL3000_APPROX
CCAP,Crescent Capital BDC Inc. Common stock,Finance,RUSSELL3000_APPROX
WSBF,Waterstone Financial Inc. Common Stock (MD),Finance,RUSSELL3000_APPROX
BIOA,BioAge Labs Inc. Common Stock,Health Care,RUSSELL3000_APPROX
SI,Shoulder Innovations Inc. Common Stock,Health Care,RUSSELL3000_APPROX
OPRT,Oportun Financial Corporation Common Stock,Finance,RUSSELL3000_APPROX
BNED,Barnes & Noble Education Inc Common Stock,Consumer Discretionary,RUSSELL3000_APPROX
DMAC,DiaMedica Therapeutics Inc. Common Stock,Health Care,RUSSELL3000_APPROX
CRNC,Cerence Inc. Common Stock,Technology,RUSSELL3000_APPROX
ORN,Orion Group Holdings Inc. Common,Industrials,RUSSELL3000_APPROX
TREE,LendingTree Inc. Common Stock,Finance,RUSSELL3000_APPROX
ARTNA,Artesian Resources Corporation Class A Common Stock,Utilities,RUSSELL3000_APPROX
LEO,BNY Mellon Strategic Municipals Inc. Common Stock,Finance,RUSSELL3000_APPROX
PRLD,Prelude Therapeutics Incorporated Common Stock,Health Care,RUSSELL3000_APPROX
ENTA,Enanta Pharmaceuticals Inc. Common Stock,Health Care,RUSSELL3000_APPROX
RDIB,Reading International Inc Class B Common Stock,Consumer Discretionary,RUSSELL3000_APPROX
OPI,Office Properties Income Trust Common shares of beneficial interest,Finance,RUSSELL3000_APPROX
TCI,Transcontinental Realty Investors Inc. Common Stock,Real Estate,RUSSELL3000_APPROX
TSBK,Timberland Bancorp Inc. Common Stock,Finance,RUSSELL3000_APPROX
MOBI,Mobia Medical Inc. Common Stock,Health Care,RUSSELL3000_APPROX
MRAM,Everspin Technologies Inc. Common Stock,Technology,RUSSELL3000_APPROX
GCO,Genesco Inc. Common Stock,Consumer Discretionary,RUSSELL3000_APPROX
EBS,Emergent BioSolutions Inc. Common Stock,Health Care,RUSSELL3000_APPROX
SHOE,Shoe Station Group Inc. Common Stock,Consumer Discretionary,RUSSELL3000_APPROX
ERII,Energy Recovery Inc. Common Stock,Technology,RUSSELL3000_APPROX
LWAY,Lifeway Foods Inc. Common Stock,Consumer Staples,RUSSELL3000_APPROX
TWIN,Twin Disc Incorporated Common Stock,Industrials,RUSSELL3000_APPROX
JILL,J. Jill Inc. Common Stock,Consumer Discretionary,RUSSELL3000_APPROX
BRCB,Black Rock Coffee Bar Inc. Class A Common Stock,Consumer Discretionary,RUSSELL3000_APPROX
CION,CION Investment Corporation Common Stock,Finance,RUSSELL3000_APPROX
RPAY,Repay Holdings Corporation Class A Common Stock,Consumer Discretionary,RUSSELL3000_APPROX
ELA,Envela Corporation Common Stock,Consumer Discretionary,RUSSELL3000_APPROX
BRBS,Blue Ridge Bankshares Inc. Common Stock,Finance,RUSSELL3000_APPROX
DIN,Dine Brands Global Inc. Common Stock,Consumer Discretionary,RUSSELL3000_APPROX
OCGN,Ocugen Inc. Common Stock,Health Care,RUSSELL3000_APPROX
FSBW,FS Bancorp Inc. Common Stock,Finance,RUSSELL3000_APPROX
OBIO,Orchestra BioMed Holdings Inc. Ordinary Shares,Health Care,RUSSELL3000_APPROX
CVEO,Civeo Corporation (Canada) Common Shares,Consumer Discretionary,RUSSELL3000_APPROX
XFOR,X4 Pharmaceuticals Inc. Common Stock,Health Care,RUSSELL3000_APPROX
RCEL,Avita Medical Inc. Common Stock,Health Care,RUSSELL3000_APPROX
CUB,Lionheart Holdings Class A Ordinary Shares,Industrials,RUSSELL3000_APPROX
VELO,Velo3D Inc. Common stock,Technology,RUSSELL3000_APPROX
AVBH,Avidbank Holdings Inc. Common stock,Finance,RUSSELL3000_APPROX
EYPT,EyePoint Inc. Common Stock,Industrials,RUSSELL3000_APPROX
NL,NLI Holdings Inc. Common Stock,Basic Materials,RUSSELL3000_APPROX
NEWT,NewtekOne Inc. Common Stock,Finance,RUSSELL3000_APPROX
LXEO,Lexeo Therapeutics Inc. Common Stock,Health Care,RUSSELL3000_APPROX
PACK,Ranpak Holdings Corp Class A Common Stock,Consumer Discretionary,RUSSELL3000_APPROX
GOGO,Gogo Inc. Common Stock,Consumer Discretionary,RUSSELL3000_APPROX
VMD,Viemed Healthcare Inc. Common Shares,Health Care,RUSSELL3000_APPROX
IPSC,Century Therapeutics Inc. Common Stock,Health Care,RUSSELL3000_APPROX
EVMN,Evommune Inc. Common Stock,Health Care,RUSSELL3000_APPROX
CLW,Clearwater Paper Corporation Common Stock,Basic Materials,RUSSELL3000_APPROX
BKKT,Bakkt Inc. Class A Common Stock,Finance,RUSSELL3000_APPROX
PNRG,PrimeEnergy Resources Corporation Common Stock,Energy,RUSSELL3000_APPROX
TCPC,BlackRock TCP Capital Corp. Common Stock,Finance,RUSSELL3000_APPROX
KTF,DWS Municipal Income Trust,Finance,RUSSELL3000_APPROX
OPAL,OPAL Fuels Inc. Class A Common Stock,Utilities,RUSSELL3000_APPROX
CMPX,Compass Therapeutics Inc. Common Stock,Health Care,RUSSELL3000_APPROX
FOSL,Fossil Group Inc. Common Stock,Consumer Discretionary,RUSSELL3000_APPROX
PPT,Franklin Premier Income Trust Shares of Beneficial Interest,Finance,RUSSELL3000_APPROX
ALIT,Alight Inc. Class A Common Stock,Consumer Discretionary,RUSSELL3000_APPROX
SUJA,Suja Life Inc. Class A Common Stock,Consumer Staples,RUSSELL3000_APPROX
BCML,BayCom Corp Common Stock,Finance,RUSSELL3000_APPROX
CYPH,Cypherpunk Technologies Inc. Common Stock,Health Care,RUSSELL3000_APPROX
FIP,FTAI Infrastructure Inc. Common Stock,Industrials,RUSSELL3000_APPROX
IA,Innovative Solutions and Support Inc. Common Stock,Technology,RUSSELL3000_APPROX
CATX,Perspective Therapeutics Inc. Common Stock,Health Care,RUSSELL3000_APPROX
VGZ,Vista Gold Corp Common Stock,Basic Materials,RUSSELL3000_APPROX
FVCB,FVCBankcorp Inc. Common Stock,Finance,RUSSELL3000_APPROX
JMSB,John Marshall Bancorp Inc. Common Stock,Finance,RUSSELL3000_APPROX
AGEN,Agenus Inc. Common Stock,Health Care,RUSSELL3000_APPROX
COSO,CoastalSouth Bancshares Inc. Common Stock,Finance,RUSSELL3000_APPROX
RCKY,Rocky Brands Inc. Common Stock,Consumer Discretionary,RUSSELL3000_APPROX
MPTI,M-tron Industries Inc. Common Stock,Technology,RUSSELL3000_APPROX
FLXS,Flexsteel Industries Inc. Common Stock,Consumer Discretionary,RUSSELL3000_APPROX
IHRT,iHeartMedia Inc. Class A Common Stock,Consumer Discretionary,RUSSELL3000_APPROX
SION,Sionna Therapeutics Inc. Common Stock,Health Care,RUSSELL3000_APPROX
QTTB,Q32 Bio Inc. Common Stock,Health Care,RUSSELL3000_APPROX
METCB,Ramaco Resources Inc. Class B Common Stock,Energy,RUSSELL3000_APPROX
AIV,Apartment Investment and Management Company Common Stock,Real Estate,RUSSELL3000_APPROX
NXH,Neighborhood Intelligence Inc. Common Stock,Consumer Discretionary,RUSSELL3000_APPROX
SMTI,Sanara MedTech Inc. Common Stock,Health Care,RUSSELL3000_APPROX
HLLY,Holley Inc. Common Stock,Consumer Discretionary,RUSSELL3000_APPROX
FTW,Presidio Production Company Class A Common Stock,Energy,RUSSELL3000_APPROX
IKT,Inhibikase Therapeutics Inc. Common Stock,Health Care,RUSSELL3000_APPROX
ABEO,Abeona Therapeutics Inc. Common Stock,Health Care,RUSSELL3000_APPROX
ABAT,American Battery Technology Company Common Stock,Industrials,RUSSELL3000_APPROX
MOVE,Corvex Inc. Common Stock,Technology,RUSSELL3000_APPROX
SABS,SAB Biotherapeutics Inc. Common Stock,Health Care,RUSSELL3000_APPROX
AIRJ,AirJoule Technologies Corporation Class A Common Stock,Industrials,RUSSELL3000_APPROX
TDUP,ThredUp Inc. Class A Common Stock,Consumer Discretionary,RUSSELL3000_APPROX
CV,CapsoVision Inc. Common Stock,Health Care,RUSSELL3000_APPROX
HRZN,Horizon Technology Finance Corporation Common Stock,Finance,RUSSELL3000_APPROX
PINE,Alpine Income Property Trust Inc. Common Stock,Real Estate,RUSSELL3000_APPROX
FDBC,Fidelity D & D Bancorp Inc. Common Stock,Finance,RUSSELL3000_APPROX
SEG,Seaport Entertainment Group Inc. Common Stock,Consumer Discretionary,RUSSELL3000_APPROX
FVRR,Fiverr International Ltd. Ordinary Shares no par value,Consumer Discretionary,RUSSELL3000_APPROX
MLP,Maui Land & Pineapple Company Inc. Common Stock,Finance,RUSSELL3000_APPROX
ZIP,ZipRecruiter Inc. Class A Common Stock,Technology,RUSSELL3000_APPROX
BBW,Build-A-Bear Workshop Inc. Common Stock,Consumer Discretionary,RUSSELL3000_APPROX
MNTK,Montauk Renewables Inc. Common Stock,Utilities,RUSSELL3000_APPROX
TLS,Telos Corporation Common Stock,Technology,RUSSELL3000_APPROX
ALTO,Alto Ingredients Inc. Common Stock,Industrials,RUSSELL3000_APPROX
NREF,NexPoint Real Estate Finance Inc. Common Stock,Real Estate,RUSSELL3000_APPROX
DBI,Designer Brands Inc. Class A Common Stock,Consumer Discretionary,RUSSELL3000_APPROX
VNDA,Vanda Pharmaceuticals Inc. Common Stock,Health Care,RUSSELL3000_APPROX
MGPI,MGP Ingredients Inc.,Consumer Staples,RUSSELL3000_APPROX
CBNA,Chain Bridge Bancorp Inc. Class A Common Stock,Finance,RUSSELL3000_APPROX
BLND,Blend Labs Inc. Class A Common Stock,Technology,RUSSELL3000_APPROX
EFT,Eaton Vance Floating Rate Income Trust Common Shares of Beneficial Interest,Finance,RUSSELL3000_APPROX
FINS,Angel Oak Financial Strategies Income Term Trust Common Shares of Beneficial Interest,Finance,RUSSELL3000_APPROX
NODK,NI Holdings Inc. Common Stock,Finance,RUSSELL3000_APPROX
CFFI,C&F Financial Corporation Common Stock,Finance,RUSSELL3000_APPROX
BRR,ProCap Financial Inc. Common Stock,Finance,RUSSELL3000_APPROX
BDSX,Biodesix Inc. Common Stock,Health Care,RUSSELL3000_APPROX
LE,Lands' End Inc. Common Stock,Consumer Discretionary,RUSSELL3000_APPROX
LEGO,Legato Merger Corp. IV Ordinary Shares,Industrials,RUSSELL3000_APPROX
RFMZ,RiverNorth Flexible Municipal Income Fund II Inc. Common Stock,Finance,RUSSELL3000_APPROX
FATE,Fate Therapeutics Inc. Common Stock,Health Care,RUSSELL3000_APPROX
TLSI,TriSalus Life Sciences Inc. Common Stock,Health Care,RUSSELL3000_APPROX
FRD,Friedman Industries Inc. Common Stock,Industrials,RUSSELL3000_APPROX
FNKO,Funko Inc. Class A Common Stock,Consumer Discretionary,RUSSELL3000_APPROX
FUND,Sprott Focus Trust Inc. Common Stock,Finance,RUSSELL3000_APPROX
MYFW,First Western Financial Inc. Common Stock,Finance,RUSSELL3000_APPROX
RBBN,Ribbon Communications Inc. Common Stock,Technology,RUSSELL3000_APPROX
PALI,Palisade Bio Inc. Common Stock,Health Care,RUSSELL3000_APPROX
RM,Regional Management Corp. Common Stock,Finance,RUSSELL3000_APPROX
BPRN,Princeton Bancorp Inc. Common Stock (PA),Finance,RUSSELL3000_APPROX
TMCI,Treace Medical Concepts Inc. Common Stock,Health Care,RUSSELL3000_APPROX
ISBA,Isabella Bank Corporation Common stock,Finance,RUSSELL3000_APPROX
GBAB,Guggenheim Taxable Municipal Bond & Investment Grade Debt Trust Common Shares of Beneficial Interest,Finance,RUSSELL3000_APPROX
EMBC,Embecta Corp. Common Stock,Health Care,RUSSELL3000_APPROX
SLNH,Soluna Holdings Inc. Common Stock,Technology,RUSSELL3000_APPROX
LVWR,LiveWire Group Inc. Common Stock,Consumer Discretionary,RUSSELL3000_APPROX
ZNTL,Zentalis Pharmaceuticals Inc. Common Stock,Health Care,RUSSELL3000_APPROX
UPB,Upstream Bio Inc. Common Stock,Health Care,RUSSELL3000_APPROX
TII,Titan Mining Corporation Common Shares,N/A,RUSSELL3000_APPROX
RCMT,RCM Technologies Inc. Common Stock,Consumer Discretionary,RUSSELL3000_APPROX
KINS,Kingstone Companies Inc. Common Stock,Finance,RUSSELL3000_APPROX
IMRX,Immuneering Corporation Class A Common Stock,Health Care,RUSSELL3000_APPROX
OVLY,Oak Valley Bancorp (CA) Common Stock,Finance,RUSSELL3000_APPROX
FULC,Fulcrum Therapeutics Inc. Common Stock,Health Care,RUSSELL3000_APPROX
SAR,Saratoga Investment Corp New,Finance,RUSSELL3000_APPROX
ALCO,Alico Inc. Common Stock,Consumer Staples,RUSSELL3000_APPROX
LAB,Standard BioTools Inc. Common Stock,Industrials,RUSSELL3000_APPROX
ATLO,Ames National Corporation Common Stock,Finance,RUSSELL3000_APPROX
REFI,Chicago Atlantic Real Estate Finance Inc. Common Stock,Real Estate,RUSSELL3000_APPROX
PMM,Franklin Managed Municipal Income Trust Shares of Beneficial Interest,Finance,RUSSELL3000_APPROX
PTLO,Portillo's Inc. Class A Common Stock,Consumer Discretionary,RUSSELL3000_APPROX
CDZI,CADIZ Inc. Common Stock,Utilities,RUSSELL3000_APPROX
YARW,Yarrow Bioscience Inc. Common Stock,Health Care,RUSSELL3000_APPROX
PYXS,Pyxis Oncology Inc. Common Stock,Health Care,RUSSELL3000_APPROX
FRAF,Franklin Financial Services Corporation Common Stock,Finance,RUSSELL3000_APPROX
PDYN,Palladyne AI Corp. Common Stock,Technology,RUSSELL3000_APPROX
SSP,E.W. Scripps Company (The) Class A Common Stock,Industrials,RUSSELL3000_APPROX
NC,NACCO Industries Inc. Common Stock,Energy,RUSSELL3000_APPROX
CMRC,Commerce.com Inc. Series 1 Common Stock,Technology,RUSSELL3000_APPROX
MTRX,Matrix Service Company Common Stock,Consumer Discretionary,RUSSELL3000_APPROX
ANIK,Anika Therapeutics Inc. Common Stock,Health Care,RUSSELL3000_APPROX
NXDT,NexPoint Diversified Real Estate Trust Common Stock,Real Estate,RUSSELL3000_APPROX
MKTW,MarketWise Inc. Class A Common Stock,Technology,RUSSELL3000_APPROX
RWAY,Runway Growth Finance Corp. Common Stock,Finance,RUSSELL3000_APPROX
PMTS,CPI Card Group Inc. Common Stock,Consumer Discretionary,RUSSELL3000_APPROX
KLC,KinderCare Learning Companies Inc. Common Stock,Consumer Discretionary,RUSSELL3000_APPROX
FXNC,First National Corporation Common Stock,Finance,RUSSELL3000_APPROX
GBFH,GBank Financial Holdings Inc. Common Stock,Finance,RUSSELL3000_APPROX
JAKK,JAKKS Pacific Inc. Common Stock,Consumer Discretionary,RUSSELL3000_APPROX
NNBR,NN Inc. Common Stock,Industrials,RUSSELL3000_APPROX
TTGT,TechTarget Inc. Common Stock,Telecommunications,RUSSELL3000_APPROX
ARDC,Ares Dynamic Credit Allocation Fund Inc. Common Shares,Finance,RUSSELL3000_APPROX
WNEB,Western New England Bancorp Inc. Common Stock,Finance,RUSSELL3000_APPROX
TBI,TrueBlue Inc. Common Stock,Consumer Discretionary,RUSSELL3000_APPROX
RMMZ,RiverNorth Managed Duration Municipal Income Fund II Inc. Common Stock,Finance,RUSSELL3000_APPROX
CUE,Cue Biopharma Inc. Common Stock,Health Care,RUSSELL3000_APPROX
LAW,CS Disco Inc. Common Stock,Technology,RUSSELL3000_APPROX
ONIT,Onity Group Inc. Common Stock,Finance,RUSSELL3000_APPROX
LCNB,LCNB Corporation Common Stock,Finance,RUSSELL3000_APPROX
STRT,STRATTEC SECURITY CORPORATION Common Stock,Consumer Discretionary,RUSSELL3000_APPROX
MFIN,Medallion Financial Corp. Common Stock,Finance,RUSSELL3000_APPROX
BKTI,BK Technologies Corporation Common Stock,Technology,RUSSELL3000_APPROX
QNBC,QNB Corp. Common Stock,Finance,RUSSELL3000_APPROX
LTRX,Lantronix Inc. Common Stock,Telecommunications,RUSSELL3000_APPROX
RMBI,Richmond Mutual Bancorporation Inc. Common Stock,Finance,RUSSELL3000_APPROX
OPTX,Syntec Optics Holdings Inc. Class A Common Stock,Technology,RUSSELL3000_APPROX
NKSH,National Bankshares Inc. Common Stock,Finance,RUSSELL3000_APPROX
XPER,Xperi Inc. Common Stock,Technology,RUSSELL3000_APPROX
MIN,Aberdeen Intermediate Income Fund Common Shares of Beneficial Interest,Finance,RUSSELL3000_APPROX
GLSI,Greenwich LifeSciences Inc. Common Stock,Health Care,RUSSELL3000_APPROX
RC,Ready Capital Corporation Common Stock,Real Estate,RUSSELL3000_APPROX
ARL,American Realty Investors Inc. Common Stock,Finance,RUSSELL3000_APPROX
TRDA,Entrada Therapeutics Inc. Common Stock,Health Care,RUSSELL3000_APPROX
HCKT,Hackett Group Inc (The). Common Stock,Consumer Discretionary,RUSSELL3000_APPROX
ESCA,Escalade Incorporated Common Stock,Consumer Discretionary,RUSSELL3000_APPROX
PCYO,Pure Cycle Corporation Common Stock,Utilities,RUSSELL3000_APPROX
DUOT,Duos Technologies Group Inc. Common Stock,Technology,RUSSELL3000_APPROX
CHPT,ChargePoint Holdings Inc. Common Stock,Miscellaneous,RUSSELL3000_APPROX
XLAB,Exascale Labs Holdings Inc. Class A Common Stock,Technology,RUSSELL3000_APPROX
RMM,RiverNorth Managed Duration Municipal Income Fund Inc. Common Stock,Finance,RUSSELL3000_APPROX
ACV,Virtus Diversified Income & Convertible Fund Common Shares of Beneficial Interest,Finance,RUSSELL3000_APPROX
USNA,USANA Health Sciences Inc. Common Stock,Health Care,RUSSELL3000_APPROX
LYEL,Lyell Immunopharma Inc. Common Stock,Health Care,RUSSELL3000_APPROX
CNDT,Conduent Incorporated Common Stock,Consumer Discretionary,RUSSELL3000_APPROX
HWBK,Hawthorn Bancshares Inc. Common Stock,Finance,RUSSELL3000_APPROX
AVNW,Aviat Networks Inc. Common Stock,Technology,RUSSELL3000_APPROX
MGNX,MacroGenics Inc. Common Stock,Health Care,RUSSELL3000_APPROX
EGHT,8x8 Inc Common Stock,Technology,RUSSELL3000_APPROX
VPV,Invesco Pennsylvania Value Municipal Income Trust Common Stock (DE),Finance,RUSSELL3000_APPROX
OFLX,Omega Flex Inc. Common Stock,Industrials,RUSSELL3000_APPROX
MSB,Mesabi Trust Common Stock,Industrials,RUSSELL3000_APPROX
ASLE,AerSale Corporation Common Stock,Consumer Discretionary,RUSSELL3000_APPROX
LCTX,Lineage Cell Therapeutics Inc. Common Stock,Health Care,RUSSELL3000_APPROX
BRT,BRT Apartments Corp. (MD) Common Stock,Real Estate,RUSSELL3000_APPROX
PAMT,PAMT CORP Common Stock,Industrials,RUSSELL3000_APPROX
STRO,Sutro Biopharma Inc. Common Stock,Health Care,RUSSELL3000_APPROX
FBLA,FB Bancorp Inc. Common Stock,Finance,RUSSELL3000_APPROX
VABK,Virginia National Bankshares Corporation Common Stock,Finance,RUSSELL3000_APPROX
MMT,Aberdeen Multi-Market Income Fund Common Shares of Beneficial Interest,Finance,RUSSELL3000_APPROX
III,Information Services Group Inc. Common Stock,Consumer Discretionary,RUSSELL3000_APPROX
SMHI,SEACOR Marine Holdings Inc. Common Stock,Consumer Discretionary,RUSSELL3000_APPROX
LTBR,Lightbridge Corporation Common Stock,Basic Materials,RUSSELL3000_APPROX
JACK,Jack In The Box Inc. Common Stock,Consumer Discretionary,RUSSELL3000_APPROX
GWRS,Global Water Resources Inc. Common Stock,Utilities,RUSSELL3000_APPROX
CAMP,CAMP4 Therapeutics Corporation Common Stock,Health Care,RUSSELL3000_APPROX
USAU,U.S. Gold Corp. Common Stock,Basic Materials,RUSSELL3000_APPROX
CPZ,Calamos Long/Short Equity & Dynamic Income Trust Common Stock,Finance,RUSSELL3000_APPROX
FOA,Finance of America Companies Inc. Class A Common Stock,Finance,RUSSELL3000_APPROX
IMMR,Immersion Corporation Common Stock,Technology,RUSSELL3000_APPROX
GENC,Gencor Industries Inc. Common Stock,Industrials,RUSSELL3000_APPROX
FHTX,Foghorn Therapeutics Inc. Common Stock,Health Care,RUSSELL3000_APPROX
INFU,InfuSystems Holdings Inc. Common Stock,Health Care,RUSSELL3000_APPROX
EFSI,Eagle Financial Services Inc Common Stock,Finance,RUSSELL3000_APPROX
AKBA,Akebia Therapeutics Inc. Common Stock,Health Care,RUSSELL3000_APPROX
RELL,Richardson Electronics Ltd. Common Stock,Technology,RUSSELL3000_APPROX
PPIH,Perma-Pipe International Holdings Inc. Common Stock,Industrials,RUSSELL3000_APPROX
BRCC,BRC Inc. Class A Common Stock,Consumer Staples,RUSSELL3000_APPROX
AENT,Alliance Entertainment Holding Corporation Class A Common Stock,Consumer Discretionary,RUSSELL3000_APPROX
GPRO,GoPro Inc. Class A Common Stock,Consumer Discretionary,RUSSELL3000_APPROX
POWW,Outdoor Holding Company Common Stock,Industrials,RUSSELL3000_APPROX
BGS,B&G Foods Inc. Common Stock,Consumer Staples,RUSSELL3000_APPROX
MVST,Microvast Holdings Inc. Common Stock,Miscellaneous,RUSSELL3000_APPROX
ASUR,Asure Software Inc Common Stock,Technology,RUSSELL3000_APPROX
BAFN,BayFirst Financial Corp. Common Stock,Finance,RUSSELL3000_APPROX
LDI,loanDepot Inc. Class A Common Stock,Finance,RUSSELL3000_APPROX
TSSI,TSS Inc. Common Stock,Consumer Discretionary,RUSSELL3000_APPROX
ASYS,Amtech Systems Inc. Common Stock,Technology,RUSSELL3000_APPROX
RAIL,FreightCar America Inc. Common Stock,Industrials,RUSSELL3000_APPROX
RILY,BRC Group Holdings Inc. Common Stock,Finance,RUSSELL3000_APPROX
ACRE,Ares Commercial Real Estate Corporation Common Stock,Real Estate,RUSSELL3000_APPROX
INBK,First Internet Bancorp Common Stock,Finance,RUSSELL3000_APPROX
OSUR,OraSure Technologies Inc. Common Stock,Health Care,RUSSELL3000_APPROX
ALXO,ALX Oncology Holdings Inc. Common Stock,Health Care,RUSSELL3000_APPROX
FF,FutureFuel Corp.  Common shares,Industrials,RUSSELL3000_APPROX
PEBK,Peoples Bancorp of North Carolina Inc. Common Stock,Finance,RUSSELL3000_APPROX
KGEI,Kolibri Global Energy Inc. Common stock,Energy,RUSSELL3000_APPROX
TG,Tredegar Corporation Common Stock,Industrials,RUSSELL3000_APPROX
RNAC,Cartesian Therapeutics Inc. Common Stock,Health Care,RUSSELL3000_APPROX
SNFCA,Security National Financial Corporation Class A Common Stock,Finance,RUSSELL3000_APPROX
NAGE,Niagen Bioscience Inc. Common Stock,Health Care,RUSSELL3000_APPROX
UTMD,Utah Medical Products Inc. Common Stock,Health Care,RUSSELL3000_APPROX
HQI,HireQuest Inc. Common Stock (DE),Consumer Discretionary,RUSSELL3000_APPROX
PNNT,PennantPark Investment Corporation Common Stock,Finance,RUSSELL3000_APPROX
APC,ARKO Petroleum Corp. Class A Common Stock,Energy,RUSSELL3000_APPROX
LIEN,Chicago Atlantic BDC Inc. Common Stock,Finance,RUSSELL3000_APPROX
AIRO,AIRO Group Holdings Inc. Common Stock,Industrials,RUSSELL3000_APPROX
LMNR,Limoneira Co Common Stock,Consumer Staples,RUSSELL3000_APPROX
WHWK,Whitehawk Therapeutics Inc. Common Stock,Health Care,RUSSELL3000_APPROX
VUZI,Vuzix Corporation Common Stock,Technology,RUSSELL3000_APPROX
AMWL,American Well Corporation Class A Common Stock,Consumer Discretionary,RUSSELL3000_APPROX
AIAI,AIAI Holdings Corporation Class A Common Stock,Technology,RUSSELL3000_APPROX
CURV,Torrid Holdings Inc. Common Stock,Consumer Discretionary,RUSSELL3000_APPROX
MBI,MBIA Inc. Common Stock,Finance,RUSSELL3000_APPROX
MRBK,Meridian Corporation Common Stock,Finance,RUSSELL3000_APPROX
NATR,Nature's Sunshine Products Inc. Common Stock,Health Care,RUSSELL3000_APPROX
OPBK,OP Bancorp Common Stock,Finance,RUSSELL3000_APPROX
SBMT,Silver Bow Mining Corp. Common Shares,Basic Materials,RUSSELL3000_APPROX
YDES,YD Bio Limited Ordinary Shares,Health Care,RUSSELL3000_APPROX
SCM,Stellus Capital Investment Corporation Common Stock,Finance,RUSSELL3000_APPROX
PLAY,Dave & Buster's Entertainment Inc. Common Stock,Consumer Discretionary,RUSSELL3000_APPROX
FTF,Franklin Limited Duration Income Trust Common Shares of Beneficial Interest,Finance,RUSSELL3000_APPROX
EVI,EVI Industries Inc.  Common Stock,Consumer Discretionary,RUSSELL3000_APPROX
SVCO,Silvaco Group Inc. Common Stock,Technology,RUSSELL3000_APPROX
STIM,Neuronetics Inc. Common Stock,Health Care,RUSSELL3000_APPROX
OSS,One Stop Systems Inc. Common Stock,Technology,RUSSELL3000_APPROX
RGCO,RGC Resources Inc. Common Stock,Utilities,RUSSELL3000_APPROX
KROS,Keros Therapeutics Inc. Common Stock,Health Care,RUSSELL3000_APPROX
TBCH,Turtle Beach Corporation Common Stock,Telecommunications,RUSSELL3000_APPROX
NUS,Nu Skin Enterprises Inc. Common Stock,Health Care,RUSSELL3000_APPROX
SND,Smart Sand Inc. Common Stock,Industrials,RUSSELL3000_APPROX
CFBK,CF Bankshares Inc. Common Stock,Finance,RUSSELL3000_APPROX
AVXL,Anavex Life Sciences Corp. Common Stock,Health Care,RUSSELL3000_APPROX
BNC,CEA Industries Inc. Common Stock,Consumer Staples,RUSSELL3000_APPROX
ECC,Eagle Point Credit Company Common Share of Beneficial Interest,Finance,RUSSELL3000_APPROX
PDEX,Pro-Dex Inc. Common Stock,Health Care,RUSSELL3000_APPROX
REA,Rare Earths Americas Inc. Common Stock,Basic Materials,RUSSELL3000_APPROX
SMRT,SmartRent Inc. Class A Common Stock,Technology,RUSSELL3000_APPROX
RXST,RxSight Inc. Common Stock,Health Care,RUSSELL3000_APPROX
RDNW,RideNow Group Inc. Class B Common Stock,Technology,RUSSELL3000_APPROX
BMEZ,BlackRock Health Sciences Term Trust Common Shares of Beneficial Interest,Finance,RUSSELL3000_APPROX
ELMD,Electromed Inc. Common Stock,Health Care,RUSSELL3000_APPROX
IVVD,Invivyd Inc. Common Stock,Health Care,RUSSELL3000_APPROX
SIGA,SIGA Technologies Inc. Common Stock,Health Care,RUSSELL3000_APPROX
TARA,Protara Therapeutics Inc.  Common Stock,Health Care,RUSSELL3000_APPROX
GLDG,GoldMining Inc. Common Shares,Basic Materials,RUSSELL3000_APPROX
RICK,RCI Hospitality Holdings Inc. Common Stock,Consumer Discretionary,RUSSELL3000_APPROX
SPOK,Spok Holdings Inc. Common Stock,Telecommunications,RUSSELL3000_APPROX
NSLR,Neostellar Capital Corp. Common Stock,Finance,RUSSELL3000_APPROX
HDSN,Hudson Technologies Inc. Common Stock,Consumer Discretionary,RUSSELL3000_APPROX
DHX,DHI Group Inc. Common Stock,Consumer Discretionary,RUSSELL3000_APPROX
KLTR,Kaltura Inc. Common Stock,Technology,RUSSELL3000_APPROX
ELDN,Eledon Pharmaceuticals Inc. Common Stock,Health Care,RUSSELL3000_APPROX
ANGI,Angi Inc. Class A Common Stock,Consumer Discretionary,RUSSELL3000_APPROX
FORR,Forrester Research Inc. Common Stock,Industrials,RUSSELL3000_APPROX
AREC,American Resources Corporation Class A Common Stock,Energy,RUSSELL3000_APPROX
EXFY,Expensify Inc. Class A Common Stock,Technology,RUSSELL3000_APPROX
MFM,Aberdeen Municipal Income Fund Common Shares of Beneficial Interest,Finance,RUSSELL3000_APPROX
OVBC,Ohio Valley Banc Corp. Common Stock,Finance,RUSSELL3000_APPROX
ALMU,Aeluma Inc. Common Stock,Technology,RUSSELL3000_APPROX
USDE,StablecoinX Inc. Class A Common Stock,Finance,RUSSELL3000_APPROX
CMT,Core Molding Technologies Inc Common Stock,Industrials,RUSSELL3000_APPROX
NCMI,National CineMedia Inc. Common Stock,Consumer Discretionary,RUSSELL3000_APPROX
ANNA,AleAnna Inc. Class A Common Stock,Energy,RUSSELL3000_APPROX
EAF,GrafTech International Ltd. Common Stock,Energy,RUSSELL3000_APPROX
CHCI,Comstock Holding Companies Inc. Class A Common Stock,Finance,RUSSELL3000_APPROX
MRLN,Merlin Inc. Common Stock,Technology,RUSSELL3000_APPROX
CPSS,Consumer Portfolio Services Inc. Common Stock,Finance,RUSSELL3000_APPROX
DERM,Journey Medical Corporation Common Stock,Health Care,RUSSELL3000_APPROX
CEPL,Capstone Energy Plus Inc. Common Stock,Industrials,RUSSELL3000_APPROX
LOVE,The Lovesac Company Common Stock,Consumer Discretionary,RUSSELL3000_APPROX
ALEC,Alector Inc. Common Stock,Health Care,RUSSELL3000_APPROX
ZUMZ,Zumiez Inc. Common Stock,Consumer Discretionary,RUSSELL3000_APPROX
FCAP,First Capital Inc. Common Stock,Finance,RUSSELL3000_APPROX
CMTG,Claros Mortgage Trust Inc. Common Stock,Finance,RUSSELL3000_APPROX
PEPG,PepGen Inc. Common Stock,Health Care,RUSSELL3000_APPROX
NEOV,NeoVolta Inc. Common Stock,Miscellaneous,RUSSELL3000_APPROX
SRI,Stoneridge Inc. Common Stock,Consumer Discretionary,RUSSELL3000_APPROX
SIDU,Sidus Space Inc. Class A Common Stock,Telecommunications,RUSSELL3000_APPROX
MITT,TPG Mortgage Investment Trust Inc. Common Stock,Real Estate,RUSSELL3000_APPROX
QMLS,QumulusAI Inc. Common Stock,Technology,RUSSELL3000_APPROX
ESOA,Energy Services of America Corporation Common Stock,Industrials,RUSSELL3000_APPROX
RBKB,Rhinebeck Bancorp Inc. Common Stock,Finance,RUSSELL3000_APPROX
TPVG,TriplePoint Venture Growth BDC Corp. Common Stock,Consumer Discretionary,RUSSELL3000_APPROX
OSG,Octave Specialty Group Inc. Common Stock,Finance,RUSSELL3000_APPROX
NKTX,Nkarta Inc. Common Stock,Health Care,RUSSELL3000_APPROX
BYND,Beyond Meat Inc. Common Stock,Consumer Staples,RUSSELL3000_APPROX
AOUT,American Outdoor Brands Inc. Common Stock,Consumer Discretionary,RUSSELL3000_APPROX
GSIT,GSI Technology Common Stock,Technology,RUSSELL3000_APPROX
ALTG,Alta Equipment Group Inc. Class A Common Stock,Industrials,RUSSELL3000_APPROX
MPAA,Motorcar Parts  of America Inc. Common Stock,Consumer Discretionary,RUSSELL3000_APPROX
LODE,Comstock Inc. Common Stock,Industrials,RUSSELL3000_APPROX
LARK,Landmark Bancorp Inc. Common Stock,Finance,RUSSELL3000_APPROX
MINE,Mayfair Gold Corp. Common Shares,Energy,RUSSELL3000_APPROX
SRZN,Surrozen Inc. Common Stock,Health Care,RUSSELL3000_APPROX
SGC,Superior Group of Companies Inc. Common Stock,Consumer Discretionary,RUSSELL3000_APPROX
FC,Franklin Covey Company Common Stock,Consumer Discretionary,RUSSELL3000_APPROX
SES,SES AI Corporation Class A Common Stock,Miscellaneous,RUSSELL3000_APPROX
TNXP,Tonix Pharmaceuticals Holding Corp. Common Stock,Health Care,RUSSELL3000_APPROX
STRW,Strawberry Fields REIT Inc. Common Stock,Real Estate,RUSSELL3000_APPROX
TAYD,Taylor Devices Inc. Common Stock,Industrials,RUSSELL3000_APPROX
ESP,Espey Mfg. & Electronics Corp. Common Stock,Technology,RUSSELL3000_APPROX
VTN,Invesco Trust for Investment Grade New York Municipals Common Stock,Finance,RUSSELL3000_APPROX
EXOD,Exodus Movement Inc. Class A Common Stock,Finance,RUSSELL3000_APPROX
ETX,Eaton Vance Municipal Income 2028 Term Trust Common Shares of Beneficial Interest,Finance,RUSSELL3000_APPROX
PED,Pedevco Corp. Common Stock,Energy,RUSSELL3000_APPROX
QUIK,QuickLogic Corporation Common Stock,Technology,RUSSELL3000_APPROX
LCUT,Lifetime Brands Inc. Common Stock,Consumer Discretionary,RUSSELL3000_APPROX
SAFX,XCF Global Inc. Class A Common Stock,Industrials,RUSSELL3000_APPROX
XGN,Exagen Inc. Common Stock,Health Care,RUSSELL3000_APPROX
CHRS,Coherus Oncology Inc. Common Stock,Health Care,RUSSELL3000_APPROX
CXDO,Crexendo Inc. Common Stock,Telecommunications,RUSSELL3000_APPROX
GCTS,GCT Semiconductor Holding Inc. Common Stock,Technology,RUSSELL3000_APPROX
CBFV,CB Financial Services Inc. Common Stock,Finance,RUSSELL3000_APPROX
AMPY,Amplify Energy Corp. Common Stock,Energy,RUSSELL3000_APPROX
EU,enCore Energy Corp. Common Shares,Basic Materials,RUSSELL3000_APPROX
HNVR,Hanover Bancorp Inc. Common Stock,Finance,RUSSELL3000_APPROX
AOMR,Angel Oak Mortgage REIT Inc. Common Stock,Finance,RUSSELL3000_APPROX
VYGR,Voyager Therapeutics Inc. Common Stock,Health Care,RUSSELL3000_APPROX
FT,Franklin Universal Trust Common Stock,Finance,RUSSELL3000_APPROX
ABOS,Acumen Pharmaceuticals Inc. Common Stock,Health Care,RUSSELL3000_APPROX
FNWD,Finward Bancorp Common Stock,Finance,RUSSELL3000_APPROX
ANTX,AN2 Therapeutics Inc. Common Stock,Health Care,RUSSELL3000_APPROX
DTIL,Precision BioSciences Inc. Common Stock,Health Care,RUSSELL3000_APPROX
XPOF,Xponential Fitness Inc. Class A Common Stock,Consumer Discretionary,RUSSELL3000_APPROX
